ESTADO,CODPROJETO,ANO,CLONESEMENTE,CODTALHAO,ANOREF,ANOREF,CHATALHAO,NUMPARCELA,CHAVE,AREA,AREA,I1,I2,FILA,FILA,NUMARVORECONTROLE,NUMARVORECONTROLE,DAP1,DAP2,ALT1,ALT2,ALTEST1,ALTEST2,VCCI,VCCI2,S,CLONESEMENTE,indice
MT,MTV,2005,SEED,001A,2018,2019,599,4494,599-4494,1080,1080,12.8,13.4,1,1,1,1,26.45,28.05,18.3,20.6,18.3,20.6,0.402169299,0.490812546,19.99463927,SEED,1
MT,MTV,2005,SEED,001A,2019,2020,599,4494,599-4494,1080,1080,13.4,14.5,1,1,1,1,28.05,28.4,20.6,21.7,20.6,21.7,0.490812546,0.528328987,19.99463927,SEED,1
MT,MTV,2005,SEED,001A,2018,2019,599,4494,599-4494,1080,1080,12.8,13.4,1,1,3,3,22.5,23.95,17.7,19.1,17.7,19.1,0.289363116,0.343791537,19.99463927,SEED,2
MT,MTV,2005,SEED,001A,2019,2020,599,4494,599-4494,1080,1080,13.4,14.5,1,1,3,3,23.95,24.15,19.1,19.9,19.1,19.9,0.343791537,0.365540144,19.99463927,SEED,2
MT,MTV,2005,SEED,001A,2018,2019,599,4494,599-4494,1080,1080,12.8,13.4,1,1,5,5,23.9,24.5,16.9,18,16.9,18,0.313766274,0.343988543,19.99463927,SEED,3
MT,MTV,2005,SEED,001A,2019,2020,599,4494,599-4494,1080,1080,13.4,14.5,1,1,5,5,24.5,25.15,18,19.1,18,19.1,0.343988543,0.381076644,19.99463927,SEED,3
MT,MTV,2005,SEED,001A,2018,2019,599,4494,599-4494,1080,1080,12.8,13.4,1,1,9,9,18.6,20.2,18,18.4,18,18.4,0.204435869,0.241817518,19.99463927,SEED,4
MT,MTV,2005,SEED,001A,2019,2020,599,4494,599-4494,1080,1080,13.4,14.5,1,1,9,9,20.2,20.75,18.4,19.6,18.4,19.6,0.241817518,0.27306392,19.99463927,SEED,4
MT,MTV,2005,SEED,001A,2018,2019,599,4494,599-4494,1080,1080,12.8,13.4,1,1,10,10,25.5,27.85,17.7,19.8,17.7,19.8,0.3665057,0.470529823,19.99463927,SEED,5
MT,MTV,2005,SEED,001A,2019,2020,599,4494,599-4494,1080,1080,13.4,14.5,1,1,10,10,27.85,28.65,19.8,20.3,19.8,20.3,0.470529823,0.508809864,19.99463927,SEED,5
MT,MTV,2005,SEED,001A,2018,2019,599,4494,599-4494,1080,1080,12.8,13.4,1,1,11,11,21.95,23,16,17.8,16,17.8,0.256950354,0.302474378,19.99463927,SEED,6
MT,MTV,2005,SEED,001A,2019,2020,599,4494,599-4494,1080,1080,13.4,14.5,1,1,11,11,23,23.55,17.8,18,17.8,18,0.302474378,0.321861398,19.99463927,SEED,6
MT,MTV,2005,SEED,001A,2018,2019,599,4494,599-4494,1080,1080,12.8,13.4,2,2,2,2,18.4,19.45,0,0,16.4,18.6,0.18702109,0.227026549,19.99463927,SEED,7
MT,MTV,2005,SEED,001A,2019,2020,599,4494,599-4494,1080,1080,13.4,14.5,2,2,2,2,19.45,19.85,0,0,18.6,19,0.227026549,0.245865763,19.99463927,SEED,7
MT,MTV,2005,SEED,001A,2018,2019,599,4494,599-4494,1080,1080,12.8,13.4,2,2,4,4,18.7,20.05,17.7,18,17.7,18,0.204053626,0.234655684,19.99463927,SEED,8
MT,MTV,2005,SEED,001A,2018,2019,599,4494,599-4494,1080,1080,12.8,13.4,2,2,5,5,20.4,21.3,17.4,18.9,17.4,18.9,0.237573218,0.272786514,19.99463927,SEED,9
MT,MTV,2005,SEED,001A,2019,2020,599,4494,599-4494,1080,1080,13.4,14.5,2,2,5,5,21.3,21.85,18.9,19.6,18.9,19.6,0.272786514,0.300313223,19.99463927,SEED,9
MT,MTV,2005,SEED,001A,2018,2019,599,4494,599-4494,1080,1080,12.8,13.4,2,2,7,7,24.2,26.2,17.6,18.9,17.6,18.9,0.330685963,0.404960179,19.99463927,SEED,10
MT,MTV,2005,SEED,001A,2019,2020,599,4494,599-4494,1080,1080,13.4,14.5,2,2,7,7,26.2,26.7,18.9,21,18.9,21,0.404960179,0.459257118,19.99463927,SEED,10
MT,MTV,2005,SEED,001A,2018,2019,599,4494,599-4494,1080,1080,12.8,13.4,2,2,9,9,23.15,23.85,16.5,17.9,16.5,17.9,0.290426236,0.325474249,19.99463927,SEED,11
MT,MTV,2005,SEED,001A,2019,2020,599,4494,599-4494,1080,1080,13.4,14.5,2,2,9,9,23.85,24,17.9,19.7,17.9,19.7,0.325474249,0.358438344,19.99463927,SEED,11
MT,MTV,2005,SEED,001A,2018,2019,599,4494,599-4494,1080,1080,12.8,13.4,2,2,10,10,16.85,17.4,0,0,15.9,18,0.15520568,0.179048738,19.99463927,SEED,12
MT,MTV,2005,SEED,001A,2018,2019,599,4494,599-4494,1080,1080,12.8,13.4,2,2,12,12,19.5,20.6,16.1,17.4,16.1,17.4,0.20640858,0.241127159,19.99463927,SEED,13
MT,MTV,2005,SEED,001A,2019,2020,599,4494,599-4494,1080,1080,13.4,14.5,2,2,12,12,20.6,21.15,17.4,18.1,17.4,18.1,0.241127159,0.265246016,19.99463927,SEED,13
MT,MTV,2005,SEED,001A,2018,2019,599,4494,599-4494,1080,1080,12.8,13.4,3,3,1,1,25.7,27.35,19.2,20.5,19.2,20.5,0.39418684,0.466067504,19.99463927,SEED,14
MT,MTV,2005,SEED,001A,2019,2020,599,4494,599-4494,1080,1080,13.4,14.5,3,3,1,1,27.35,28.2,20.5,22,20.5,22,0.466067504,0.527304456,19.99463927,SEED,14
MT,MTV,2005,SEED,001A,2018,2019,599,4494,599-4494,1080,1080,12.8,13.4,3,3,4,4,20.65,21.7,0,0,16.9,19.2,0.238199385,0.285957836,19.99463927,SEED,15
MT,MTV,2005,SEED,001A,2019,2020,599,4494,599-4494,1080,1080,13.4,14.5,3,3,4,4,21.7,21.85,0,0,19.2,19.6,0.285957836,0.299846884,19.99463927,SEED,15
MT,MTV,2005,SEED,001A,2018,2019,599,4494,599-4494,1080,1080,12.8,13.4,3,3,7,7,17.15,18.4,0,0,16,18.3,0.161142721,0.201767909,19.99463927,SEED,16
MT,MTV,2005,SEED,001A,2019,2020,599,4494,599-4494,1080,1080,13.4,14.5,3,3,7,7,18.4,18.55,0,0,18.3,18.7,0.201767909,0.213456402,19.99463927,SEED,16
MT,MTV,2005,SEED,001A,2018,2019,599,4494,599-4494,1080,1080,12.8,13.4,3,3,9,9,18.4,18.75,0,0,16.4,18.4,0.18702109,0.210028093,19.99463927,SEED,17
MT,MTV,2005,SEED,001A,2018,2019,599,4494,599-4494,1080,1080,12.8,13.4,4,4,1,1,22.15,24.45,0,0,17.2,19.8,0.275568004,0.366799719,19.99463927,SEED,18
MT,MTV,2005,SEED,001A,2019,2020,599,4494,599-4494,1080,1080,13.4,14.5,4,4,1,1,24.45,24.9,0,0,19.8,20.2,0.366799719,0.391617304,19.99463927,SEED,18
MT,MTV,2005,SEED,001A,2018,2019,599,4494,599-4494,1080,1080,12.8,13.4,4,4,3,3,23.25,24.5,16,19.1,16,19.1,0.286438976,0.359013855,19.99463927,SEED,19
MT,MTV,2005,SEED,001A,2019,2020,599,4494,599-4494,1080,1080,13.4,14.5,4,4,3,3,24.5,25,19.1,20,19.1,20,0.359013855,0.391160255,19.99463927,SEED,19
MT,MTV,2005,SEED,001A,2018,2019,599,4494,599-4494,1080,1080,12.8,13.4,4,4,5,5,22.9,24.3,0,19.6,17.4,19.6,0.295218795,0.360086755,19.99463927,SEED,20
MT,MTV,2005,SEED,001A,2019,2020,599,4494,599-4494,1080,1080,13.4,14.5,4,4,5,5,24.3,24.75,19.6,20,19.6,20,0.360086755,0.38398751,19.99463927,SEED,20
MT,MTV,2005,SEED,001A,2018,2019,599,4494,599-4494,1080,1080,12.8,13.4,4,4,8,8,21.8,23.4,0,0,17.2,19.6,0.266617666,0.334795212,19.99463927,SEED,21
MT,MTV,2005,SEED,001A,2019,2020,599,4494,599-4494,1080,1080,13.4,14.5,4,4,8,8,23.4,23.65,0,0,19.6,20,0.334795212,0.352639702,19.99463927,SEED,21
MT,MTV,2005,SEED,001A,2018,2019,599,4494,599-4494,1080,1080,12.8,13.4,4,4,10,10,22.3,23.95,0,0,17.3,19.7,0.279446773,0.351384772,19.99463927,SEED,22
MT,MTV,2005,SEED,001A,2019,2020,599,4494,599-4494,1080,1080,13.4,14.5,4,4,10,10,23.95,24.15,0,0,19.7,20.1,0.351384772,0.368004238,19.99463927,SEED,22
MT,MTV,2005,SEED,001A,2018,2019,599,4494,599-4494,1080,1080,12.8,13.4,4,4,12,12,28.6,30.6,17.3,19.7,17.3,19.7,0.447791655,0.561100705,19.99463927,SEED,23
MT,MTV,2005,SEED,001A,2019,2020,599,4494,599-4494,1080,1080,13.4,14.5,4,4,12,12,30.6,31.75,19.7,20.2,19.7,20.2,0.561100705,0.612336715,19.99463927,SEED,23
MT,MTV,2005,SEED,001A,2018,2019,599,4494,599-4494,1080,1080,12.8,13.4,6,6,1,1,18.35,19.8,0,0,16.3,18.7,0.185950752,0.235764241,19.99463927,SEED,24
MT,MTV,2005,SEED,001A,2019,2020,599,4494,599-4494,1080,1080,13.4,14.5,6,6,1,1,19.8,20.1,0,0,18.7,19.1,0.235764241,0.2523415,19.99463927,SEED,24
MT,MTV,2005,SEED,001A,2018,2019,599,4494,599-4494,1080,1080,12.8,13.4,6,6,3,3,26.2,27.3,17.1,19,17.1,19,0.376355433,0.43969077,19.99463927,SEED,25
MT,MTV,2005,SEED,001A,2019,2020,599,4494,599-4494,1080,1080,13.4,14.5,6,6,3,3,27.3,27.75,19,20.2,19,20.2,0.43969077,0.477859538,19.99463927,SEED,25
MT,MTV,2005,SEED,001A,2018,2019,599,4494,599-4494,1080,1080,12.8,13.4,6,6,6,6,26,26.85,18.9,19.5,18.9,19.5,0.398416642,0.4340143,19.99463927,SEED,26
MT,MTV,2005,SEED,001A,2019,2020,599,4494,599-4494,1080,1080,13.4,14.5,6,6,6,6,26.85,27.15,19.5,20.2,19.5,20.2,0.4340143,0.459006653,19.99463927,SEED,26
MT,MTV,2005,SEED,001A,2018,2019,599,4494,599-4494,1080,1080,12.8,13.4,6,6,9,9,22.4,23.9,16.5,19.6,16.5,19.6,0.272916075,0.348860711,19.99463927,SEED,27
MT,MTV,2005,SEED,001A,2019,2020,599,4494,599-4494,1080,1080,13.4,14.5,6,6,9,9,23.9,24.45,19.6,21.1,19.6,21.1,0.348860711,0.392027252,19.99463927,SEED,27
MT,MTV,2005,SEED,001A,2018,2019,599,4494,599-4494,1080,1080,12.8,13.4,6,6,11,11,21.95,22.55,0,0,17.2,19.4,0.27043635,0.309914809,19.99463927,SEED,28
MT,MTV,2005,SEED,001A,2019,2020,599,4494,599-4494,1080,1080,13.4,14.5,6,6,11,11,22.55,23.5,0,0,19.4,19.9,0.309914809,0.348089433,19.99463927,SEED,28
MT,MTV,2005,SEED,001A,2018,2019,599,4494,599-4494,1080,1080,12.8,13.4,7,7,1,1,22.55,23.8,0,0,17.3,19.7,0.285968523,0.346822195,19.99463927,SEED,29
MT,MTV,2005,SEED,001A,2019,2020,599,4494,599-4494,1080,1080,13.4,14.5,7,7,1,1,23.8,25.3,0,18.9,19.7,18.9,0.346822195,0.382015676,19.99463927,SEED,29
MT,MTV,2005,SEED,001A,2018,2019,599,4494,599-4494,1080,1080,12.8,13.4,7,7,5,5,20.05,21.2,0,0,16.8,19.1,0.223977477,0.272298272,19.99463927,SEED,30
MT,MTV,2005,SEED,001A,2019,2020,599,4494,599-4494,1080,1080,13.4,14.5,7,7,5,5,21.2,21.75,0,0,19.1,19.5,0.272298272,0.297030291,19.99463927,SEED,30
MT,MTV,2005,SEED,001A,2018,2019,599,4494,599-4494,1080,1080,12.8,13.4,7,7,7,7,21.3,22.8,0,0,17.1,19.5,0.254075076,0.317136871,19.99463927,SEED,31
MT,MTV,2005,SEED,001A,2018,2019,599,4494,599-4494,1080,1080,12.8,13.4,7,7,8,8,21.55,22.35,0,0,17.1,19.4,0.260310507,0.30419467,19.99463927,SEED,32
MT,MTV,2005,SEED,001A,2019,2020,599,4494,599-4494,1080,1080,13.4,14.5,7,7,8,8,22.35,22.65,0,0,19.4,19.7,0.30419467,0.322821648,19.99463927,SEED,32
MT,MTV,2005,SEED,001A,2018,2019,599,4494,599-4494,1080,1080,12.8,13.4,7,7,10,10,22.4,23.95,18.5,0,18.5,19.7,0.296137306,0.351384772,19.99463927,SEED,33
MT,MTV,2005,SEED,001A,2019,2020,599,4494,599-4494,1080,1080,13.4,14.5,7,7,10,10,23.95,24.85,0,21.8,19.7,21.8,0.351384772,0.414691182,19.99463927,SEED,33
MT,MTV,2005,SEED,001A,2018,2019,599,4494,599-4494,1080,1080,12.8,13.4,7,7,12,12,23.7,24.25,0,0,17.5,19.7,0.316885909,0.360595667,19.99463927,SEED,34
MT,MTV,2005,SEED,001A,2019,2020,599,4494,599-4494,1080,1080,13.4,14.5,7,7,12,12,24.25,24.95,0,0,19.7,20.2,0.360595667,0.393215594,19.99463927,SEED,34
MT,MTV,2005,SEED,001A,2018,2019,599,4494,599-4494,1080,1080,12.8,13.4,8,8,2,2,25.15,26.65,17,0,17,20.2,0.346928269,0.438382752,19.99463927,SEED,35
MT,MTV,2005,SEED,001A,2018,2019,599,4494,599-4494,1080,1080,12.8,13.4,8,8,4,4,22.65,24,0,0,17.3,19.7,0.288597202,0.352911985,19.99463927,SEED,36
MT,MTV,2005,SEED,001A,2019,2020,599,4494,599-4494,1080,1080,13.4,14.5,8,8,4,4,24,24.35,0,0,19.7,20.1,0.352911985,0.374234725,19.99463927,SEED,36
MT,MTV,2005,SEED,001A,2018,2019,599,4494,599-4494,1080,1080,12.8,13.4,8,8,6,6,16.7,17.75,0,0,15.8,18.1,0.152277059,0.186851651,19.99463927,SEED,37
MT,MTV,2005,SEED,001A,2019,2020,599,4494,599-4494,1080,1080,13.4,14.5,8,8,6,6,17.75,18.15,0,0,18.1,18.5,0.186851651,0.20391358,19.99463927,SEED,37
MT,MTV,2005,SEED,001A,2018,2019,599,4494,599-4494,1080,1080,12.8,13.4,8,8,11,11,25.15,27.1,17.2,19.8,17.2,19.8,0.349836511,0.446646152,19.99463927,SEED,38
MT,MTV,2005,SEED,001A,2019,2020,599,4494,599-4494,1080,1080,13.4,14.5,8,8,11,11,27.1,27.4,19.8,21.3,19.8,21.3,0.446646152,0.48721503,19.99463927,SEED,38
MT,MTV,2005,SEED,001A,2018,2019,599,4494,599-4494,1080,1080,12.8,13.4,9,9,3,3,23.7,25.25,0,0,17.5,19.9,0.316885909,0.39212268,19.99463927,SEED,39
MT,MTV,2005,SEED,001A,2019,2020,599,4494,599-4494,1080,1080,13.4,14.5,9,9,3,3,25.25,26.65,0,20.1,19.9,20.1,0.39212268,0.441789498,19.99463927,SEED,39
MT,MTV,2005,SEED,001A,2018,2019,599,4494,599-4494,1080,1080,12.8,13.4,9,9,7,7,22.2,23.15,0,0,17.2,19.5,0.276858069,0.327381791,19.99463927,SEED,40
MT,MTV,2005,SEED,001A,2019,2020,599,4494,599-4494,1080,1080,13.4,14.5,9,9,7,7,23.15,23.5,0,0,19.5,19.9,0.327381791,0.348089433,19.99463927,SEED,40
MT,MTV,2005,SEED,001A,2018,2019,599,4494,599-4494,1080,1080,12.8,13.4,9,9,8,8,25.15,27.25,18.8,28,18.8,28,0.372766059,0.579436997,19.99463927,SEED,41
MT,MTV,2005,SEED,001A,2019,2020,599,4494,599-4494,1080,1080,13.4,14.5,9,9,8,8,27.25,28.25,28,21.9,28,21.9,0.579436997,0.527087267,19.99463927,SEED,41
MT,MTV,2005,SEED,001A,2018,2019,599,4494,599-4494,1080,1080,12.8,13.4,9,9,10,10,21.05,22.05,0,0,17,19.3,0.247911477,0.295710415,19.99463927,SEED,42
MT,MTV,2005,SEED,001A,2019,2020,599,4494,599-4494,1080,1080,13.4,14.5,9,9,10,10,22.05,22.3,0,0,19.3,19.7,0.295710415,0.312673638,19.99463927,SEED,42
MT,MTV,2005,SEED,001A,2018,2019,599,4494,599-4494,1080,1080,12.8,13.4,9,9,12,12,23.8,25.55,18,19.7,18,19.7,0.325622367,0.397712979,19.99463927,SEED,43
MT,MTV,2005,SEED,001A,2019,2020,599,4494,599-4494,1080,1080,13.4,14.5,9,9,12,12,25.55,27.25,19.7,21.4,19.7,21.4,0.397712979,0.484140043,19.99463927,SEED,43
MT,MTV,2005,SEED,001A,2018,2019,599,4503,599-4503,1080,1080,12.8,13.4,1,1,1,1,18.2,18.8,17.2,17.6,17.2,17.6,0.189949253,0.204197175,17.55883309,SEED,44
MT,MTV,2005,SEED,001A,2019,2020,599,4503,599-4503,1080,1080,13.4,14.5,1,1,1,1,18.8,19.25,17.6,18.2,17.6,18.2,0.204197175,0.224026963,17.55883309,SEED,44
MT,MTV,2005,SEED,001A,2018,2019,599,4503,599-4503,1080,1080,12.8,13.4,1,1,4,4,23.7,24.45,17,17.7,17,17.7,0.310130128,0.338524436,17.55883309,SEED,45
MT,MTV,2005,SEED,001A,2019,2020,599,4503,599-4503,1080,1080,13.4,14.5,1,1,4,4,24.45,24.75,17.7,18.2,17.7,18.2,0.338524436,0.3558653,17.55883309,SEED,45
MT,MTV,2005,SEED,001A,2018,2019,599,4503,599-4503,1080,1080,12.8,13.4,1,1,6,6,16.95,17.6,15.2,15.4,15.2,15.4,0.152045122,0.16352751,17.55883309,SEED,46
MT,MTV,2005,SEED,001A,2019,2020,599,4503,599-4503,1080,1080,13.4,14.5,1,1,6,6,17.6,18.45,15.4,15.8,15.4,15.8,0.16352751,0.184852776,17.55883309,SEED,46
MT,MTV,2005,SEED,001A,2018,2019,599,4503,599-4503,1080,1080,12.8,13.4,1,1,8,8,22.45,23.3,17,17.6,17,17.6,0.279969734,0.307532614,17.55883309,SEED,47
MT,MTV,2005,SEED,001A,2019,2020,599,4503,599-4503,1080,1080,13.4,14.5,1,1,8,8,23.3,23.8,17.6,18.4,17.6,18.4,0.307532614,0.334050274,17.55883309,SEED,47
MT,MTV,2005,SEED,001A,2018,2019,599,4503,599-4503,1080,1080,12.8,13.4,1,1,11,11,22.8,24.05,16,16.9,16,16.9,0.276060934,0.317279905,17.55883309,SEED,48
MT,MTV,2005,SEED,001A,2019,2020,599,4503,599-4503,1080,1080,13.4,14.5,1,1,11,11,24.05,24.2,16.9,17.2,16.9,17.2,0.317279905,0.326227366,17.55883309,SEED,48
MT,MTV,2005,SEED,001A,2018,2019,599,4503,599-4503,1080,1080,12.8,13.4,2,2,2,2,21.9,23.05,16.1,16.9,16.1,16.9,0.256986574,0.292581769,17.55883309,SEED,49
MT,MTV,2005,SEED,001A,2018,2019,599,4503,599-4503,1080,1080,12.8,13.4,2,2,5,5,20.15,21.15,15,16.2,15,16.2,0.208775707,0.240831909,17.55883309,SEED,50
MT,MTV,2005,SEED,001A,2019,2020,599,4503,599-4503,1080,1080,13.4,14.5,2,2,5,5,21.15,21.35,16.2,17,16.2,17,0.240831909,0.256576128,17.55883309,SEED,50
MT,MTV,2005,SEED,001A,2018,2019,599,4503,599-4503,1080,1080,12.8,13.4,2,2,11,11,22.05,22.65,16,17,16,17,0.259165171,0.284175347,17.55883309,SEED,51
MT,MTV,2005,SEED,001A,2018,2019,599,4503,599-4503,1080,1080,12.8,13.4,3,3,3,3,20.85,21.75,16,17.3,16,17.3,0.233178685,0.266354805,17.55883309,SEED,52
MT,MTV,2005,SEED,001A,2019,2020,599,4503,599-4503,1080,1080,13.4,14.5,3,3,3,3,21.75,21.85,17.3,17.8,17.3,17.8,0.266354805,0.277865969,17.55883309,SEED,52
MT,MTV,2005,SEED,001A,2018,2019,599,4503,599-4503,1080,1080,12.8,13.4,3,3,4,4,20.95,22.2,17,18.1,17,18.1,0.245699561,0.286142111,17.55883309,SEED,53
MT,MTV,2005,SEED,001A,2019,2020,599,4503,599-4503,1080,1080,13.4,14.5,3,3,4,4,22.2,22.5,18.1,19.2,18.1,19.2,0.286142111,0.311742868,17.55883309,SEED,53
MT,MTV,2005,SEED,001A,2018,2019,599,4503,599-4503,1080,1080,12.8,13.4,3,3,6,6,18.05,18.7,0,0,15.3,16.2,0.171842012,0.190442797,17.55883309,SEED,54
MT,MTV,2005,SEED,001A,2019,2020,599,4503,599-4503,1080,1080,13.4,14.5,3,3,6,6,18.7,18.75,0,0,16.2,16.9,0.190442797,0.200934531,17.55883309,SEED,54
MT,MTV,2005,SEED,001A,2018,2019,599,4503,599-4503,1080,1080,12.8,13.4,3,3,8,8,20.55,21.15,0,0,15.9,16.8,0.225626883,0.247083383,17.55883309,SEED,55
MT,MTV,2005,SEED,001A,2019,2020,599,4503,599-4503,1080,1080,13.4,14.5,3,3,8,8,21.15,21.4,0,0,16.8,17.6,0.247083383,0.264412712,17.55883309,SEED,55
MT,MTV,2005,SEED,001A,2018,2019,599,4503,599-4503,1080,1080,12.8,13.4,3,3,10,10,19.2,19.75,0,0,15.6,16.5,0.195718859,0.21384982,17.55883309,SEED,56
MT,MTV,2005,SEED,001A,2019,2020,599,4503,599-4503,1080,1080,13.4,14.5,3,3,10,10,19.75,20.1,0,0,16.5,17.2,0.21384982,0.232264,17.55883309,SEED,56
MT,MTV,2005,SEED,001A,2018,2019,599,4503,599-4503,1080,1080,12.8,13.4,4,4,2,2,19.85,20.75,0,0,15.7,16.7,0.209866699,0.237352819,17.55883309,SEED,57
MT,MTV,2005,SEED,001A,2019,2020,599,4503,599-4503,1080,1080,13.4,14.5,4,4,2,2,20.75,20.85,0,16.7,16.7,16.7,0.237352819,0.242118708,17.55883309,SEED,57
MT,MTV,2005,SEED,001A,2018,2019,599,4503,599-4503,1080,1080,12.8,13.4,4,4,7,7,18.75,19.35,0,0,15.5,16.4,0.186199729,0.204778957,17.55883309,SEED,58
MT,MTV,2005,SEED,001A,2019,2020,599,4503,599-4503,1080,1080,13.4,14.5,4,4,7,7,19.35,19.5,0,0,16.4,17.1,0.204778957,0.218079756,17.55883309,SEED,58
MT,MTV,2005,SEED,001A,2018,2019,599,4503,599-4503,1080,1080,12.8,13.4,4,4,9,9,19.5,21.1,0,16.3,15.6,16.3,0.202190278,0.240812389,17.55883309,SEED,59
MT,MTV,2005,SEED,001A,2018,2019,599,4503,599-4503,1080,1080,12.8,13.4,4,4,10,10,15.3,15.85,0,0,14.4,15.3,0.120785763,0.133530424,17.55883309,SEED,60
MT,MTV,2005,SEED,001A,2018,2019,599,4503,599-4503,1080,1080,12.8,13.4,4,4,12,12,23.05,24.05,16.2,16.8,16.2,16.8,0.284313975,0.315925644,17.55883309,SEED,61
MT,MTV,2005,SEED,001A,2019,2020,599,4503,599-4503,1080,1080,13.4,14.5,4,4,12,12,24.05,24.3,16.8,17.4,16.8,17.4,0.315925644,0.3317931,17.55883309,SEED,61
MT,MTV,2005,SEED,001A,2018,2019,599,4503,599-4503,1080,1080,12.8,13.4,6,6,3,3,22.2,23.15,16.6,16.8,16.6,16.8,0.269492998,0.293749499,17.55883309,SEED,62
MT,MTV,2005,SEED,001A,2019,2020,599,4503,599-4503,1080,1080,13.4,14.5,6,6,3,3,23.15,23.35,16.8,17.4,16.8,17.4,0.293749499,0.308300594,17.55883309,SEED,62
MT,MTV,2005,SEED,001A,2018,2019,599,4503,599-4503,1080,1080,12.8,13.4,6,6,5,5,19.55,20.15,0,0,15.7,16.6,0.203278579,0.223109634,17.55883309,SEED,63
MT,MTV,2005,SEED,001A,2019,2020,599,4503,599-4503,1080,1080,13.4,14.5,6,6,5,5,20.15,20.2,0,0,16.6,17.3,0.223109634,0.234668315,17.55883309,SEED,63
MT,MTV,2005,SEED,001A,2018,2019,599,4503,599-4503,1080,1080,12.8,13.4,6,6,7,7,22.2,23.6,15.5,17.3,15.5,17.3,0.256622646,0.311251746,17.55883309,SEED,64
MT,MTV,2005,SEED,001A,2019,2020,599,4503,599-4503,1080,1080,13.4,14.5,6,6,7,7,23.6,24.15,17.3,18.4,17.3,18.4,0.311251746,0.343152389,17.55883309,SEED,64
MT,MTV,2005,SEED,001A,2018,2019,599,4503,599-4503,1080,1080,12.8,13.4,6,6,9,9,19.9,20.65,0,0,15.7,16.7,0.21097443,0.234949543,17.55883309,SEED,65
MT,MTV,2005,SEED,001A,2019,2020,599,4503,599-4503,1080,1080,13.4,14.5,6,6,9,9,20.65,20.7,0,0,16.7,17.4,0.234949543,0.246861889,17.55883309,SEED,65
MT,MTV,2005,SEED,001A,2018,2019,599,4503,599-4503,1080,1080,12.8,13.4,7,7,1,1,22.55,23.45,17.2,18.1,17.2,18.1,0.284695835,0.317671196,17.55883309,SEED,66
MT,MTV,2005,SEED,001A,2019,2020,599,4503,599-4503,1080,1080,13.4,14.5,7,7,1,1,23.45,24.05,18.1,19.4,18.1,19.4,0.317671196,0.35538918,17.55883309,SEED,66
MT,MTV,2005,SEED,001A,2018,2019,599,4503,599-4503,1080,1080,12.8,13.4,7,7,4,4,20.6,21.1,16,16.5,16,16.5,0.227927606,0.242938408,17.55883309,SEED,67
MT,MTV,2005,SEED,001A,2019,2020,599,4503,599-4503,1080,1080,13.4,14.5,7,7,4,4,21.1,21.15,16.5,16.9,16.5,16.9,0.242938408,0.250970649,17.55883309,SEED,67
MT,MTV,2005,SEED,001A,2018,2019,599,4503,599-4503,1080,1080,12.8,13.4,7,7,8,8,22.65,23.6,17,18.3,17,18.3,0.284697811,0.324116973,17.55883309,SEED,68
MT,MTV,2005,SEED,001A,2019,2020,599,4503,599-4503,1080,1080,13.4,14.5,7,7,8,8,23.6,23.65,18.3,19.1,18.3,19.1,0.324116973,0.340277085,17.55883309,SEED,68
MT,MTV,2005,SEED,001A,2018,2019,599,4503,599-4503,1080,1080,12.8,13.4,7,7,10,10,20.25,22.15,0,0,15.8,17,0.218806115,0.272230093,17.55883309,SEED,69
MT,MTV,2005,SEED,001A,2019,2020,599,4503,599-4503,1080,1080,13.4,14.5,7,7,10,10,22.15,22.3,0,18.1,17,18.1,0.272230093,0.292410082,17.55883309,SEED,69
MT,MTV,2005,SEED,001A,2018,2019,599,4503,599-4503,1080,1080,12.8,13.4,7,7,11,11,17.55,19.4,0,0,15.1,16.4,0.161922997,0.205902469,17.55883309,SEED,70
MT,MTV,2005,SEED,001A,2019,2020,599,4503,599-4503,1080,1080,13.4,14.5,8,8,1,1,22.05,22.45,18.8,19.1,18.8,19.1,0.290295815,0.309163644,17.55883309,SEED,71
MT,MTV,2005,SEED,001A,2018,2019,599,4503,599-4503,1080,1080,12.8,13.4,8,8,3,3,17.05,17.6,0,0,15,15.9,0.152285486,0.167325382,17.55883309,SEED,72
MT,MTV,2005,SEED,001A,2018,2019,599,4503,599-4503,1080,1080,12.8,13.4,8,8,5,5,18.7,19.6,0,0,15.4,16.4,0.185155998,0.210426084,17.55883309,SEED,73
MT,MTV,2005,SEED,001A,2019,2020,599,4503,599-4503,1080,1080,13.4,14.5,8,8,5,5,19.6,19.7,0,0,16.4,17.1,0.210426084,0.222761742,17.55883309,SEED,73
MT,MTV,2005,SEED,001A,2018,2019,599,4503,599-4503,1080,1080,12.8,13.4,8,8,9,9,20.25,20.9,0,0,15.8,16.7,0.218806115,0.240979765,17.55883309,SEED,74
MT,MTV,2005,SEED,001A,2018,2019,599,4503,599-4503,1080,1080,12.8,13.4,9,9,2,2,20.95,21.5,15.5,17.4,15.5,17.4,0.230022987,0.261627834,17.55883309,SEED,75
MT,MTV,2005,SEED,001A,2019,2020,599,4503,599-4503,1080,1080,13.4,14.5,9,9,2,2,21.5,21.6,17.4,18.3,17.4,18.3,0.261627834,0.278185757,17.55883309,SEED,75
MT,MTV,2005,SEED,001A,2018,2019,599,4503,599-4503,1080,1080,12.8,13.4,9,9,4,4,18.6,19.55,0,0,15.4,16.4,0.183076916,0.209290746,17.55883309,SEED,76
MT,MTV,2005,SEED,001A,2018,2019,599,4503,599-4503,1080,1080,12.8,13.4,9,9,6,6,20.2,21.15,0,0,15.8,16.8,0.217678997,0.247083383,17.55883309,SEED,77
MT,MTV,2005,SEED,001A,2019,2020,599,4503,599-4503,1080,1080,13.4,14.5,9,9,6,6,21.15,21.45,0,0,16.8,17.6,0.247083383,0.265687687,17.55883309,SEED,77
MT,MTV,2005,SEED,001A,2018,2019,599,4503,599-4503,1080,1080,12.8,13.4,9,9,7,7,19.1,19.7,0,0,15.5,16.5,0.193583984,0.212705621,17.55883309,SEED,78
MT,MTV,2005,SEED,001A,2018,2019,599,4503,599-4503,1080,1080,12.8,13.4,9,9,10,10,20.65,21.95,0,17.3,15.9,17.3,0.227922572,0.271047978,17.55883309,SEED,79
MT,MTV,2005,SEED,001A,2019,2020,599,4503,599-4503,1080,1080,13.4,14.5,9,9,10,10,21.95,22.2,17.3,18.1,17.3,18.1,0.271047978,0.290000011,17.55883309,SEED,79
MT,MTV,2005,SEED,001A,2018,2019,599,4503,599-4503,1080,1080,12.8,13.4,9,9,11,11,16,16.4,0,0,14.7,15.5,0.132967492,0.14375523,17.55883309,SEED,80
MT,MTV,2005,SEED,10,2018,2019,611,4539,611-4539,1620,1620,12.8,13.5,1,1,1,1,28.6,29.85,24.1,0,24.1,23.3,0.567326884,0.604000502,23.61419151,SEED,81
MT,MTV,2005,SEED,10,2018,2019,611,4539,611-4539,1620,1620,12.8,13.5,1,1,4,4,26.75,27.9,21.5,23.7,21.5,23.7,0.460903536,0.537467689,23.61419151,SEED,82
MT,MTV,2005,SEED,10,2018,2019,611,4539,611-4539,1620,1620,12.8,13.5,1,1,6,6,26.05,26.85,20.9,22.1,20.9,22.1,0.429627589,0.474987862,23.61419151,SEED,83
MT,MTV,2005,SEED,10,2019,2020,611,4539,611-4539,1620,1620,13.5,14.6,1,1,6,6,26.85,27.5,22.1,24.5,22.1,24.5,0.474987862,0.549105689,23.61419151,SEED,83
MT,MTV,2005,SEED,10,2018,2019,611,4539,611-4539,1620,1620,12.8,13.5,1,1,7,7,27.85,29.15,22.4,22.4,22.4,22.4,0.51211484,0.561067619,23.61419151,SEED,84
MT,MTV,2005,SEED,10,2019,2020,611,4539,611-4539,1620,1620,13.5,14.6,1,1,7,7,29.15,29.9,22.4,25.1,22.4,25.1,0.561067619,0.653199538,23.61419151,SEED,84
MT,MTV,2005,SEED,10,2018,2019,611,4539,611-4539,1620,1620,12.8,13.5,1,1,12,12,29,30.6,0,0,21.7,23.4,0.539812213,0.635428733,23.61419151,SEED,85
MT,MTV,2005,SEED,10,2019,2020,611,4539,611-4539,1620,1620,13.5,14.6,1,1,12,12,30.6,31.75,0,22,23.4,22,0.635428733,0.655974277,23.61419151,SEED,85
MT,MTV,2005,SEED,10,2018,2019,611,4539,611-4539,1620,1620,12.8,13.5,2,2,3,3,25.65,26.55,21,24,21,24,0.418680213,0.493386819,23.61419151,SEED,86
MT,MTV,2005,SEED,10,2019,2020,611,4539,611-4539,1620,1620,13.5,14.6,2,2,3,3,26.55,26.9,24,25.5,24,25.5,0.493386819,0.544534603,23.61419151,SEED,86
MT,MTV,2005,SEED,10,2018,2019,611,4539,611-4539,1620,1620,12.8,13.5,2,2,5,5,27.65,29.05,23.3,24.9,23.3,24.9,0.519598332,0.601571052,23.61419151,SEED,87
MT,MTV,2005,SEED,10,2018,2019,611,4539,611-4539,1620,1620,12.8,13.5,2,2,9,9,25.5,27.45,22.5,23.7,22.5,23.7,0.434969413,0.521046956,23.61419151,SEED,88
MT,MTV,2005,SEED,10,2019,2020,611,4539,611-4539,1620,1620,13.5,14.6,2,2,9,9,27.45,28.35,23.7,24.7,23.7,24.7,0.521046956,0.584585782,23.61419151,SEED,88
MT,MTV,2005,SEED,10,2018,2019,611,4539,611-4539,1620,1620,12.8,13.5,2,2,15,15,27.05,27.65,18.1,19.1,18.1,19.1,0.416290564,0.452217793,23.61419151,SEED,89
MT,MTV,2005,SEED,10,2018,2019,611,4539,611-4539,1620,1620,12.8,13.5,2,2,16,16,26.2,27.5,17.6,0,17.6,22.9,0.384177316,0.510477291,23.61419151,SEED,90
MT,MTV,2005,SEED,10,2019,2020,611,4539,611-4539,1620,1620,13.5,14.6,2,2,16,16,27.5,27.75,0,20,22.9,20,0.510477291,0.47404028,23.61419151,SEED,90
MT,MTV,2005,SEED,10,2018,2019,611,4539,611-4539,1620,1620,12.8,13.5,2,2,18,18,32.9,35.4,20.6,0,20.6,24,0.660770472,0.854526888,23.61419151,SEED,91
MT,MTV,2005,SEED,10,2019,2020,611,4539,611-4539,1620,1620,13.5,14.6,2,2,18,18,35.4,35.5,0,23.7,24,23.7,0.854526888,0.85553685,23.61419151,SEED,91
MT,MTV,2005,SEED,10,2018,2019,611,4539,611-4539,1620,1620,12.8,13.5,3,3,2,2,31.65,32.7,25,26,25,26,0.705168669,0.777863529,23.61419151,SEED,92
MT,MTV,2005,SEED,10,2019,2020,611,4539,611-4539,1620,1620,13.5,14.6,3,3,2,2,32.7,34.15,26,26.4,26,26.4,0.777863529,0.869000387,23.61419151,SEED,92
MT,MTV,2005,SEED,10,2018,2019,611,4539,611-4539,1620,1620,12.8,13.5,3,3,6,6,24.25,25.5,0,23.9,20.9,23.9,0.374662055,0.45544973,23.61419151,SEED,93
MT,MTV,2005,SEED,10,2019,2020,611,4539,611-4539,1620,1620,13.5,14.6,3,3,6,6,25.5,26.45,23.9,24.2,23.9,24.2,0.45544973,0.506066025,23.61419151,SEED,93
MT,MTV,2005,SEED,10,2018,2019,611,4539,611-4539,1620,1620,12.8,13.5,3,3,10,10,28.95,30.5,23.4,24.1,23.4,24.1,0.568422306,0.644808393,23.61419151,SEED,94
MT,MTV,2005,SEED,10,2019,2020,611,4539,611-4539,1620,1620,13.5,14.6,3,3,10,10,30.5,31.25,24.1,25.6,24.1,25.6,0.644808393,0.719898523,23.61419151,SEED,94
MT,MTV,2005,SEED,10,2018,2019,611,4539,611-4539,1620,1620,12.8,13.5,3,3,13,13,34,35.75,22.5,23.8,22.5,23.8,0.748801513,0.865228424,23.61419151,SEED,95
MT,MTV,2005,SEED,10,2019,2020,611,4539,611-4539,1620,1620,13.5,14.6,3,3,13,13,35.75,36.65,23.8,24.6,23.8,24.6,0.865228424,0.934951054,23.61419151,SEED,95
MT,MTV,2005,SEED,10,2018,2019,611,4539,611-4539,1620,1620,12.8,13.5,4,4,1,1,29.65,31.05,20.2,23,20.2,23,0.535402963,0.645086927,23.61419151,SEED,96
MT,MTV,2005,SEED,10,2019,2020,611,4539,611-4539,1620,1620,13.5,14.6,4,4,1,1,31.05,31.85,23,24,23,24,0.645086927,0.707744737,23.61419151,SEED,96
MT,MTV,2005,SEED,10,2018,2019,611,4539,611-4539,1620,1620,12.8,13.5,4,4,7,7,26.9,28.45,0,0,21.3,23.1,0.463289021,0.547378306,23.61419151,SEED,97
MT,MTV,2005,SEED,10,2019,2020,611,4539,611-4539,1620,1620,13.5,14.6,4,4,7,7,28.45,29.2,0,0,23.1,23.9,0.547378306,0.600720768,23.61419151,SEED,97
MT,MTV,2005,SEED,10,2018,2019,611,4539,611-4539,1620,1620,12.8,13.5,4,4,9,9,29.55,30.9,21.7,24.2,21.7,24.2,0.559904015,0.663017056,23.61419151,SEED,98
MT,MTV,2005,SEED,10,2019,2020,611,4539,611-4539,1620,1620,13.5,14.6,4,4,9,9,30.9,31.6,24.2,24.8,24.2,24.8,0.663017056,0.716240463,23.61419151,SEED,98
MT,MTV,2005,SEED,10,2018,2019,611,4539,611-4539,1620,1620,12.8,13.5,4,4,13,13,30.65,32.3,0,0,21.9,23.6,0.603803584,0.709482445,23.61419151,SEED,99
MT,MTV,2005,SEED,10,2019,2020,611,4539,611-4539,1620,1620,13.5,14.6,4,4,13,13,32.3,34,0,26.4,23.6,26.4,0.709482445,0.861984547,23.61419151,SEED,99
MT,MTV,2005,SEED,10,2018,2019,611,4539,611-4539,1620,1620,12.8,13.5,4,4,14,14,30.05,31.7,19.7,23.4,19.7,23.4,0.539387014,0.67949251,23.61419151,SEED,100
MT,MTV,2005,SEED,10,2019,2020,611,4539,611-4539,1620,1620,13.5,14.6,4,4,14,14,31.7,32.6,23.4,23.8,23.4,23.8,0.67949251,0.733769305,23.61419151,SEED,100
MT,MTV,2005,SEED,10,2018,2019,611,4539,611-4539,1620,1620,12.8,13.5,4,4,18,18,25.75,27.6,0,23.5,21.1,23.5,0.423735062,0.523287505,23.61419151,SEED,101
MT,MTV,2005,SEED,10,2019,2020,611,4539,611-4539,1620,1620,13.5,14.6,4,4,18,18,27.6,28.85,23.5,24,23.5,24,0.523287505,0.589876091,23.61419151,SEED,101
MT,MTV,2005,SEED,10,2018,2019,611,4539,611-4539,1620,1620,12.8,13.5,6,6,4,4,27.8,28.85,23.8,0,23.8,23.1,0.532949115,0.563283942,23.61419151,SEED,102
MT,MTV,2005,SEED,10,2019,2020,611,4539,611-4539,1620,1620,13.5,14.6,6,6,4,4,28.85,30.1,0,0,23.1,24,0.563283942,0.638327714,23.61419151,SEED,102
MT,MTV,2005,SEED,10,2018,2019,611,4539,611-4539,1620,1620,12.8,13.5,6,6,6,6,24.5,26.05,0,0,20.9,22.7,0.382642091,0.456536489,23.61419151,SEED,103
MT,MTV,2005,SEED,10,2019,2020,611,4539,611-4539,1620,1620,13.5,14.6,6,6,6,6,26.05,26.7,0,23.4,22.7,23.4,0.456536489,0.501137288,23.61419151,SEED,103
MT,MTV,2005,SEED,10,2018,2019,611,4539,611-4539,1620,1620,12.8,13.5,6,6,8,8,23.05,24.35,0,0,20.6,22.3,0.337469746,0.396979257,23.61419151,SEED,104
MT,MTV,2005,SEED,10,2019,2020,611,4539,611-4539,1620,1620,13.5,14.6,6,6,8,8,24.35,25.1,0,22.2,22.3,22.2,0.396979257,0.42864566,23.61419151,SEED,104
MT,MTV,2005,SEED,10,2018,2019,611,4539,611-4539,1620,1620,12.8,13.5,6,6,15,15,36.45,39.2,22.2,24,22.2,24,0.845793653,1.03776186,23.61419151,SEED,105
MT,MTV,2005,SEED,10,2019,2020,611,4539,611-4539,1620,1620,13.5,14.6,6,6,15,15,39.2,40.95,24,26.5,24,26.5,1.03776186,1.217776769,23.61419151,SEED,105
MT,MTV,2005,SEED,10,2018,2019,611,4539,611-4539,1620,1620,12.8,13.5,6,6,17,17,26.15,26.7,0,0,21.2,22.8,0.437303402,0.480360195,23.61419151,SEED,106
MT,MTV,2005,SEED,10,2018,2019,611,4539,611-4539,1620,1620,12.8,13.5,7,7,9,9,30.6,32.2,21.5,24.5,21.5,24.5,0.594122286,0.723657761,23.61419151,SEED,107
MT,MTV,2005,SEED,10,2019,2020,611,4539,611-4539,1620,1620,13.5,14.6,7,7,9,9,32.2,33,24.5,25,24.5,25,0.723657761,0.780802116,23.61419151,SEED,107
MT,MTV,2005,SEED,10,2018,2019,611,4539,611-4539,1620,1620,12.8,13.5,8,8,3,3,34.5,34.75,21.5,24,21.5,24,0.745154121,0.824591206,23.61419151,SEED,108
MT,MTV,2005,SEED,10,2019,2020,611,4539,611-4539,1620,1620,13.5,14.6,8,8,3,3,34.75,37.65,24,25.3,24,25.3,0.824591206,1.004949986,23.61419151,SEED,108
MT,MTV,2005,SEED,10,2018,2019,611,4539,611-4539,1620,1620,12.8,13.5,8,8,4,4,27.2,29.45,0,24.4,21.4,24.4,0.473881869,0.60851404,23.61419151,SEED,109
MT,MTV,2005,SEED,10,2019,2020,611,4539,611-4539,1620,1620,13.5,14.6,8,8,4,4,29.45,30.65,24.4,25.4,24.4,25.4,0.60851404,0.690271617,23.61419151,SEED,109
MT,MTV,2005,SEED,10,2018,2019,611,4539,611-4539,1620,1620,12.8,13.5,8,8,8,8,32,33.35,20,23.4,20,23.4,0.613964484,0.748574587,23.61419151,SEED,110
MT,MTV,2005,SEED,10,2019,2020,611,4539,611-4539,1620,1620,13.5,14.6,8,8,8,8,33.35,34.75,23.4,24,23.4,24,0.748574587,0.830935758,23.61419151,SEED,110
MT,MTV,2005,SEED,10,2018,2019,611,4539,611-4539,1620,1620,12.8,13.5,9,9,10,10,41,43,21.5,23.9,21.5,23.9,1.032271112,1.234431944,23.61419151,SEED,111
MT,MTV,2005,SEED,10,2019,2020,611,4539,611-4539,1620,1620,13.5,14.6,9,9,10,10,43,45,23.9,24.5,23.9,24.5,1.234431944,1.359901397,23.61419151,SEED,111
MT,MTV,2005,SEED,10,2018,2019,611,4539,611-4539,1620,1620,12.8,13.5,9,9,12,12,26.3,27,0,0,21.2,22.8,0.442443706,0.491551345,23.61419151,SEED,112
MT,MTV,2005,SEED,10,2019,2020,611,4539,611-4539,1620,1620,13.5,14.6,9,9,12,12,27,27.2,0,22,22.8,22,0.491551345,0.493386142,23.61419151,SEED,112
MT,MTV,2005,SEED,10,2018,2019,611,4539,611-4539,1620,1620,12.8,13.5,9,9,15,15,27.2,31.1,20,23.7,20,23.7,0.451723636,0.661205177,23.61419151,SEED,113
MT,MTV,2005,SEED,10,2019,2020,611,4539,611-4539,1620,1620,13.5,14.6,9,9,15,15,31.1,32.5,23.7,24.3,23.7,24.3,0.661205177,0.741966621,23.61419151,SEED,113
MT,MTV,2005,SEED,10,2018,2019,611,4539,611-4539,1620,1620,12.8,13.5,9,9,17,17,27.1,28.8,0,0,21.4,23.1,0.470338328,0.561283818,23.61419151,SEED,114
MT,MTV,2005,SEED,10,2019,2020,611,4539,611-4539,1620,1620,13.5,14.6,9,9,17,17,28.8,29.65,0,23,23.1,23,0.561283818,0.599417169,23.61419151,SEED,114
MT,MTV,2005,SEED,10,2018,2019,611,4559,611-4559,1620,1620,12.7,13.5,1,1,1,1,30.1,32,24.3,24.7,24.3,24.7,0.628512338,0.719307682,24.64943493,SEED,115
MT,MTV,2005,SEED,10,2019,2020,611,4559,611-4559,1620,1620,13.5,14.5,1,1,1,1,32,33.65,24.7,24.8,24.7,24.8,0.719307682,0.804131445,24.64943493,SEED,115
MT,MTV,2005,SEED,10,2018,2019,611,4559,611-4559,1620,1620,12.7,13.5,1,1,5,5,29.6,31.1,22.9,23,22.9,23,0.583692446,0.6470706,24.64943493,SEED,116
MT,MTV,2005,SEED,10,2019,2020,611,4559,611-4559,1620,1620,13.5,14.5,1,1,5,5,31.1,32.95,23,24.7,23,24.7,0.6470706,0.771081048,24.64943493,SEED,116
MT,MTV,2005,SEED,10,2018,2019,611,4559,611-4559,1620,1620,12.7,13.5,1,1,7,7,31.05,32.8,23.9,24.6,23.9,24.6,0.658643254,0.751810219,24.64943493,SEED,117
MT,MTV,2005,SEED,10,2019,2020,611,4559,611-4559,1620,1620,13.5,14.5,1,1,7,7,32.8,34.05,24.6,25.1,24.6,25.1,0.751810219,0.829829516,24.64943493,SEED,117
MT,MTV,2005,SEED,10,2018,2019,611,4559,611-4559,1620,1620,12.7,13.5,1,1,16,16,25.45,26.85,22,22.6,22,22.6,0.426464889,0.482709084,24.64943493,SEED,118
MT,MTV,2005,SEED,10,2018,2019,611,4559,611-4559,1620,1620,12.7,13.5,2,2,3,3,32.7,34.1,25.7,26.3,25.7,26.3,0.764920332,0.849643131,24.64943493,SEED,119
MT,MTV,2005,SEED,10,2019,2020,611,4559,611-4559,1620,1620,13.5,14.5,2,2,3,3,34.1,35.05,26.3,27,26.3,27,0.849643131,0.928313045,24.64943493,SEED,119
MT,MTV,2005,SEED,10,2018,2019,611,4559,611-4559,1620,1620,12.7,13.5,2,2,10,10,32.1,32.85,0,0,24.5,24.9,0.712994984,0.760374339,24.64943493,SEED,120
MT,MTV,2005,SEED,10,2019,2020,611,4559,611-4559,1620,1620,13.5,14.5,2,2,10,10,32.85,35.75,0,25,24.9,25,0.760374339,0.904803071,24.64943493,SEED,120
MT,MTV,2005,SEED,10,2018,2019,611,4559,611-4559,1620,1620,12.7,13.5,3,3,2,2,28.55,30.6,25.8,26.7,25.8,26.7,0.593645257,0.698574502,24.64943493,SEED,121
MT,MTV,2005,SEED,10,2019,2020,611,4559,611-4559,1620,1620,13.5,14.5,3,3,2,2,30.6,31.5,26.7,27,26.7,27,0.698574502,0.76259179,24.64943493,SEED,121
MT,MTV,2005,SEED,10,2018,2019,611,4559,611-4559,1620,1620,12.7,13.5,3,3,4,4,34.35,36.35,26,26.1,26,26.1,0.846410765,0.954552816,24.64943493,SEED,122
MT,MTV,2005,SEED,10,2019,2020,611,4559,611-4559,1620,1620,13.5,14.5,3,3,4,4,36.35,37.7,26.1,26.4,26.1,26.4,0.954552816,1.042586095,24.64943493,SEED,122
MT,MTV,2005,SEED,10,2018,2019,611,4559,611-4559,1620,1620,12.7,13.5,3,3,17,17,32.45,33.75,26.2,26.4,26.2,26.4,0.764355583,0.835361688,24.64943493,SEED,123
MT,MTV,2005,SEED,10,2019,2020,611,4559,611-4559,1620,1620,13.5,14.5,3,3,17,17,33.75,36.2,26.4,27.5,26.4,27.5,0.835361688,0.999860412,24.64943493,SEED,123
MT,MTV,2005,SEED,10,2018,2019,611,4559,611-4559,1620,1620,12.7,13.5,4,4,7,7,33.3,35.4,25.9,25.9,25.9,25.9,0.79602948,0.902496447,24.64943493,SEED,124
MT,MTV,2005,SEED,10,2019,2020,611,4559,611-4559,1620,1620,13.5,14.5,4,4,7,7,35.4,35.5,25.9,26.2,25.9,26.2,0.902496447,0.927603556,24.64943493,SEED,124
MT,MTV,2005,SEED,10,2018,2019,611,4559,611-4559,1620,1620,12.7,13.5,4,4,8,8,29.95,31.75,25.7,25.9,25.7,25.9,0.648007499,0.733270831,24.64943493,SEED,125
MT,MTV,2005,SEED,10,2019,2020,611,4559,611-4559,1620,1620,13.5,14.5,4,4,8,8,31.75,33.5,25.9,26.7,25.9,26.7,0.733270831,0.846464755,24.64943493,SEED,125
MT,MTV,2005,SEED,10,2018,2019,611,4559,611-4559,1620,1620,12.7,13.5,4,4,18,18,22.05,22.65,23.5,23.1,23.5,23.1,0.340983602,0.354457469,24.64943493,SEED,126
MT,MTV,2005,SEED,10,2019,2020,611,4559,611-4559,1620,1620,13.5,14.5,4,4,18,18,22.65,22.75,23.1,0,23.1,23.3,0.354457469,0.372356882,24.64943493,SEED,126
MT,MTV,2005,SEED,10,2018,2019,611,4559,611-4559,1620,1620,12.7,13.5,6,6,2,2,32.9,34,23.8,24.9,23.8,24.9,0.732502108,0.812232183,24.64943493,SEED,127
MT,MTV,2005,SEED,10,2019,2020,611,4559,611-4559,1620,1620,13.5,14.5,6,6,2,2,34,35.1,24.9,25.4,24.9,25.4,0.812232183,0.886010939,24.64943493,SEED,127
MT,MTV,2005,SEED,10,2018,2019,611,4559,611-4559,1620,1620,12.7,13.5,6,6,4,4,29.3,30.65,23.9,24.7,23.9,24.7,0.590308769,0.662512338,24.64943493,SEED,128
MT,MTV,2005,SEED,10,2019,2020,611,4559,611-4559,1620,1620,13.5,14.5,6,6,4,4,30.65,31.6,24.7,25,24.7,25,0.662512338,0.720895056,24.64943493,SEED,128
MT,MTV,2005,SEED,10,2018,2019,611,4559,611-4559,1620,1620,12.7,13.5,6,6,7,7,29.3,31.05,23.4,23.5,23.4,23.5,0.581467802,0.655164107,24.64943493,SEED,129
MT,MTV,2005,SEED,10,2019,2020,611,4559,611-4559,1620,1620,13.5,14.5,6,6,7,7,31.05,32,23.5,24,23.5,24,0.655164107,0.713894815,24.64943493,SEED,129
MT,MTV,2005,SEED,10,2018,2019,611,4559,611-4559,1620,1620,12.7,13.5,6,6,11,11,32.3,34.4,25,25.6,25,25.6,0.732762894,0.847327516,24.64943493,SEED,130
MT,MTV,2005,SEED,10,2019,2020,611,4559,611-4559,1620,1620,13.5,14.5,6,6,11,11,34.4,37.1,25.6,26.3,25.6,26.3,0.847327516,1.009142426,24.64943493,SEED,130
MT,MTV,2005,SEED,10,2018,2019,611,4559,611-4559,1620,1620,12.7,13.5,6,6,15,15,26.2,27.35,0,0,23.5,24,0.472241453,0.522704928,24.64943493,SEED,131
MT,MTV,2005,SEED,10,2018,2019,611,4559,611-4559,1620,1620,12.7,13.5,6,6,16,16,30.15,32.35,24.6,25.1,24.6,25.1,0.636030935,0.74294762,24.64943493,SEED,132
MT,MTV,2005,SEED,10,2019,2020,611,4559,611-4559,1620,1620,13.5,14.5,6,6,16,16,32.35,35,25.1,26,25.1,26,0.74294762,0.898120442,24.64943493,SEED,132
MT,MTV,2005,SEED,10,2018,2019,611,4559,611-4559,1620,1620,12.7,13.5,7,7,5,5,28.7,29.9,23.7,24.6,23.7,24.6,0.5642969,0.630076284,24.64943493,SEED,133
MT,MTV,2005,SEED,10,2019,2020,611,4559,611-4559,1620,1620,13.5,14.5,7,7,5,5,29.9,31.2,24.6,26.4,24.6,26.4,0.630076284,0.735814213,24.64943493,SEED,133
MT,MTV,2005,SEED,10,2018,2019,611,4559,611-4559,1620,1620,12.7,13.5,8,8,2,2,23.25,25.95,0,23,22.9,23,0.369542051,0.458060093,24.64943493,SEED,134
MT,MTV,2005,SEED,10,2019,2020,611,4559,611-4559,1620,1620,13.5,14.5,8,8,2,2,25.95,26.25,23,23.3,23,23.3,0.458060093,0.484019848,24.64943493,SEED,134
MT,MTV,2005,SEED,10,2018,2019,611,4559,611-4559,1620,1620,12.7,13.5,8,8,10,10,30.5,33.1,23.8,23.9,23.8,23.9,0.634884743,0.749233757,24.64943493,SEED,135
MT,MTV,2005,SEED,10,2018,2019,611,4559,611-4559,1620,1620,12.7,13.5,8,8,12,12,29.85,32.35,25.2,25.2,25.2,25.2,0.63496156,0.74507983,24.64943493,SEED,136
MT,MTV,2005,SEED,10,2019,2020,611,4559,611-4559,1620,1620,13.5,14.5,8,8,12,12,32.35,33.6,25.2,25.8,25.2,25.8,0.74507983,0.827910063,24.64943493,SEED,136
MT,MTV,2005,SEED,10,2018,2019,611,4559,611-4559,1620,1620,12.7,13.5,9,9,1,1,35.35,37.25,23,23.2,23,23.2,0.818671717,0.91875633,24.64943493,SEED,137
MT,MTV,2005,SEED,10,2019,2020,611,4559,611-4559,1620,1620,13.5,14.5,9,9,1,1,37.25,38.5,23.2,24,23.2,24,0.91875633,1.003513901,24.64943493,SEED,137
MT,MTV,2005,SEED,10,2018,2019,611,4559,611-4559,1620,1620,12.7,13.5,9,9,3,3,26.5,27.8,0,0,23.6,24.1,0.483351139,0.540550966,24.64943493,SEED,138
MT,MTV,2005,SEED,10,2019,2020,611,4559,611-4559,1620,1620,13.5,14.5,9,9,3,3,27.8,28.9,0,0,24.1,24.6,0.540550966,0.604567578,24.64943493,SEED,138
MT,MTV,2005,SEED,10,2018,2019,611,4559,611-4559,1620,1620,12.7,13.5,9,9,6,6,34.65,37.25,23.7,24.6,23.7,24.6,0.805381879,0.958388173,24.64943493,SEED,139
MT,MTV,2005,SEED,10,2019,2020,611,4559,611-4559,1620,1620,13.5,14.5,9,9,6,6,37.25,39.25,24.6,26.7,24.6,26.7,0.958388173,1.133161896,24.64943493,SEED,139
MT,MTV,2005,SEED,10,2018,2019,611,4559,611-4559,1620,1620,12.7,13.5,9,9,9,9,28,29.85,23.2,23.5,23.2,23.5,0.530456182,0.607696535,24.64943493,SEED,140
MT,MTV,2005,SEED,10,2019,2020,611,4559,611-4559,1620,1620,13.5,14.5,9,9,9,9,29.85,30.7,23.5,25,23.5,25,0.607696535,0.683540237,24.64943493,SEED,140
MT,MTV,2005,SEED,10,2018,2019,611,4559,611-4559,1620,1620,12.7,13.5,9,9,15,15,30.85,32.7,0,0,24.3,24.9,0.658094813,0.753330547,24.64943493,SEED,141
MT,MTV,2005,SEED,10,2019,2020,611,4559,611-4559,1620,1620,13.5,14.5,9,9,15,15,32.7,33.65,0,0,24.9,25.4,0.753330547,0.818709305,24.64943493,SEED,141
MT,MTV,2005,SEED,10,2018,2019,611,4559,611-4559,1620,1620,12.7,13.5,9,9,17,17,28.1,29.6,24,24.7,24,24.7,0.547118636,0.619877724,24.64943493,SEED,142
MT,MTV,2005,SEED,10,2019,2020,611,4559,611-4559,1620,1620,13.5,14.5,9,9,17,17,29.6,30.95,24.7,0,24.7,25,0.619877724,0.693327589,24.64943493,SEED,142
MT,MTV,2005,CLONE,025B,2018,2019,634,4881,634-4881,1080,1080,12.2,13,1,1,1,1,27.3,29.9,16.1,17.2,16.1,17.2,0.386848347,0.46990319,17.99096438,CLONE,143
MT,MTV,2005,CLONE,025B,2019,2020,634,4881,634-4881,1080,1080,13,14,1,1,1,1,29.9,31.7,17.2,18,17.2,18,0.46990319,0.55366986,17.99096438,CLONE,143
MT,MTV,2005,CLONE,025B,2018,2019,634,4881,634-4881,1080,1080,12.2,13,1,1,9,9,26.55,29.2,18,19.1,18,19.1,0.401370874,0.496141697,17.99096438,CLONE,144
MT,MTV,2005,CLONE,025B,2019,2020,634,4881,634-4881,1080,1080,13,14,1,1,9,9,29.2,29.75,19.1,20.4,19.1,20.4,0.496141697,0.544464316,17.99096438,CLONE,144
MT,MTV,2005,CLONE,025B,2018,2019,634,4881,634-4881,1080,1080,12.2,13,1,1,11,11,25.8,28.1,18.4,19.1,18.4,19.1,0.386752148,0.463501506,17.99096438,CLONE,145
MT,MTV,2005,CLONE,025B,2018,2019,634,4881,634-4881,1080,1080,12.2,13,2,2,3,3,28.35,30.5,17.5,17.9,17.5,17.9,0.444843729,0.504923992,17.99096438,CLONE,146
MT,MTV,2005,CLONE,025B,2019,2020,634,4881,634-4881,1080,1080,13,14,2,2,3,3,30.5,32.7,17.9,18.3,17.9,18.3,0.504923992,0.594000838,17.99096438,CLONE,146
MT,MTV,2005,CLONE,025B,2018,2019,634,4881,634-4881,1080,1080,12.2,13,2,2,11,11,23.3,25.6,17.7,18.6,17.7,18.6,0.308354324,0.383482403,17.99096438,CLONE,147
MT,MTV,2005,CLONE,025B,2019,2020,634,4881,634-4881,1080,1080,13,14,2,2,11,11,25.6,26.6,18.6,18.4,18.6,18.4,0.383482403,0.408132776,17.99096438,CLONE,147
MT,MTV,2005,CLONE,025B,2018,2019,634,4881,634-4881,1080,1080,12.2,13,3,3,1,1,24.3,26.6,0,16.7,16.9,16.7,0.321676191,0.371723812,17.99096438,CLONE,148
MT,MTV,2005,CLONE,025B,2019,2020,634,4881,634-4881,1080,1080,13,14,3,3,1,1,26.6,28.75,16.7,17.2,16.7,17.2,0.371723812,0.446145913,17.99096438,CLONE,148
MT,MTV,2005,CLONE,025B,2018,2019,634,4881,634-4881,1080,1080,12.2,13,3,3,5,5,28.85,31.9,18.3,18.7,18.3,18.7,0.476918238,0.569145765,17.99096438,CLONE,149
MT,MTV,2005,CLONE,025B,2019,2020,634,4881,634-4881,1080,1080,13,14,3,3,5,5,31.9,33.85,18.7,19.6,18.7,19.6,0.569145765,0.668644588,17.99096438,CLONE,149
MT,MTV,2005,CLONE,025B,2018,2019,634,4881,634-4881,1080,1080,12.2,13,3,3,9,9,26.55,29.45,17,17.2,17,17.2,0.383243078,0.45744271,17.99096438,CLONE,150
MT,MTV,2005,CLONE,025B,2019,2020,634,4881,634-4881,1080,1080,13,14,3,3,9,9,29.45,33.1,17.2,18.5,17.2,18.5,0.45744271,0.612726727,17.99096438,CLONE,150
MT,MTV,2005,CLONE,025B,2018,2019,634,4881,634-4881,1080,1080,12.2,13,4,4,10,10,22.2,23.05,0,16.2,16.7,16.2,0.268785728,0.280435813,17.99096438,CLONE,151
MT,MTV,2005,CLONE,025B,2019,2020,634,4881,634-4881,1080,1080,13,14,4,4,10,10,23.05,24.05,16.2,16.9,16.2,16.9,0.280435813,0.31682981,17.99096438,CLONE,151
MT,MTV,2005,CLONE,025B,2018,2019,634,4881,634-4881,1080,1080,12.2,13,5,5,1,1,26.25,28.25,17.2,18,17.2,18,0.378556567,0.443065556,17.99096438,CLONE,152
MT,MTV,2005,CLONE,025B,2019,2020,634,4881,634-4881,1080,1080,13,14,5,5,1,1,28.25,29.15,18,18.3,18,18.3,0.443065556,0.480856153,17.99096438,CLONE,152
MT,MTV,2005,CLONE,025B,2018,2019,634,4881,634-4881,1080,1080,12.2,13,5,5,3,3,24.7,26.6,0,0,16.9,17.2,0.332264698,0.381460495,17.99096438,CLONE,153
MT,MTV,2005,CLONE,025B,2019,2020,634,4881,634-4881,1080,1080,13,14,5,5,3,3,26.6,27.4,0,0,17.2,18.3,0.381460495,0.428184196,17.99096438,CLONE,153
MT,MTV,2005,CLONE,025B,2018,2019,634,4881,634-4881,1080,1080,12.2,13,5,5,4,4,22.6,24.8,0,17.7,16.8,17.7,0.278509568,0.3463451,17.99096438,CLONE,154
MT,MTV,2005,CLONE,025B,2019,2020,634,4881,634-4881,1080,1080,13,14,5,5,4,4,24.8,26.1,17.7,20.7,17.7,20.7,0.3463451,0.433017677,17.99096438,CLONE,154
MT,MTV,2005,CLONE,025B,2018,2019,634,4881,634-4881,1080,1080,12.2,13,5,5,6,6,27.65,30.05,17.9,18.5,17.9,18.5,0.431868179,0.506930205,17.99096438,CLONE,155
MT,MTV,2005,CLONE,025B,2019,2020,634,4881,634-4881,1080,1080,13,14,5,5,6,6,30.05,31.4,18.5,20,18.5,20,0.506930205,0.591842226,17.99096438,CLONE,155
MT,MTV,2005,CLONE,025B,2018,2019,634,4881,634-4881,1080,1080,12.2,13,5,5,9,9,24.4,25.7,16.8,16.8,16.8,16.8,0.322915228,0.351650869,17.99096438,CLONE,156
MT,MTV,2005,CLONE,025B,2019,2020,634,4881,634-4881,1080,1080,13,14,5,5,9,9,25.7,26.4,16.8,17.7,16.8,17.7,0.351650869,0.390229424,17.99096438,CLONE,156
MT,MTV,2005,CLONE,025B,2018,2019,634,4881,634-4881,1080,1080,12.2,13,5,5,11,11,24.25,26.6,0,17,16.9,17,0.320364166,0.377857868,17.99096438,CLONE,157
MT,MTV,2005,CLONE,025B,2019,2020,634,4881,634-4881,1080,1080,13,14,5,5,11,11,26.6,27.75,17,18.2,17,18.2,0.377857868,0.437330226,17.99096438,CLONE,157
MT,MTV,2005,CLONE,025B,2018,2019,634,4881,634-4881,1080,1080,12.2,13,6,6,1,1,23.35,24.65,0,16.8,16.8,16.8,0.297186918,0.326592119,17.99096438,CLONE,158
MT,MTV,2005,CLONE,025B,2019,2020,634,4881,634-4881,1080,1080,13,14,6,6,1,1,24.65,25.35,16.8,17.2,16.8,17.2,0.326592119,0.353972543,17.99096438,CLONE,158
MT,MTV,2005,CLONE,025B,2018,2019,634,4881,634-4881,1080,1080,12.2,13,6,6,4,4,25,26.95,0,18.3,16.9,18.3,0.340313677,0.413816457,17.99096438,CLONE,159
MT,MTV,2005,CLONE,025B,2019,2020,634,4881,634-4881,1080,1080,13,14,6,6,4,4,26.95,28.05,18.3,19.2,18.3,19.2,0.413816457,0.465533617,17.99096438,CLONE,159
MT,MTV,2005,CLONE,025B,2018,2019,634,4881,634-4881,1080,1080,12.2,13,6,6,9,9,21.1,22.95,0,16.4,16.7,16.4,0.242899291,0.281439882,17.99096438,CLONE,160
MT,MTV,2005,CLONE,025B,2019,2020,634,4881,634-4881,1080,1080,13,14,6,6,9,9,22.95,23.35,16.4,17.3,16.4,17.3,0.281439882,0.305740239,17.99096438,CLONE,160
MT,MTV,2005,CLONE,025B,2018,2019,634,4881,634-4881,1080,1080,12.2,13,7,7,5,5,25.35,26.85,15.3,16.1,15.3,16.1,0.322115516,0.365437259,17.99096438,CLONE,161
MT,MTV,2005,CLONE,025B,2019,2020,634,4881,634-4881,1080,1080,13,14,7,7,5,5,26.85,27.15,16.1,16.2,16.1,16.2,0.365437259,0.382800168,17.99096438,CLONE,161
MT,MTV,2005,CLONE,025B,2018,2019,634,4881,634-4881,1080,1080,12.2,13,7,7,8,8,23.55,25.05,15.4,16.5,15.4,16.5,0.281219773,0.330522868,17.99096438,CLONE,162
MT,MTV,2005,CLONE,025B,2019,2020,634,4881,634-4881,1080,1080,13,14,7,7,8,8,25.05,26.15,16.5,17.9,16.5,17.9,0.330522868,0.386918448,17.99096438,CLONE,162
MT,MTV,2005,CLONE,025B,2018,2019,634,4881,634-4881,1080,1080,12.2,13,7,7,11,11,24.75,25.95,0,15.6,16.9,15.6,0.333599793,0.334177072,17.99096438,CLONE,163
MT,MTV,2005,CLONE,025B,2019,2020,634,4881,634-4881,1080,1080,13,14,7,7,11,11,25.95,26.9,15.6,17.2,15.6,17.2,0.334177072,0.394786958,17.99096438,CLONE,163
MT,MTV,2005,CLONE,025B,2018,2019,634,4881,634-4881,1080,1080,12.2,13,8,8,3,3,22.7,24.65,0,15.4,16.8,15.4,0.280966356,0.301486873,17.99096438,CLONE,164
MT,MTV,2005,CLONE,025B,2019,2020,634,4881,634-4881,1080,1080,13,14,8,8,3,3,24.65,25.75,15.4,16,15.4,16,0.301486873,0.343862333,17.99096438,CLONE,164
MT,MTV,2005,CLONE,025B,2018,2019,634,4881,634-4881,1080,1080,12.2,13,8,8,9,9,26.3,27.65,15.6,16,15.6,16,0.351096916,0.382756696,17.99096438,CLONE,165
MT,MTV,2005,CLONE,025B,2019,2020,634,4881,634-4881,1080,1080,13,14,8,8,9,9,27.65,28.4,16,16.2,16,16.2,0.382756696,0.415831576,17.99096438,CLONE,165
MT,MTV,2005,CLONE,025B,2018,2019,634,4881,634-4881,1080,1080,12.2,13,9,9,4,4,23.6,25.4,14.4,15.2,14.4,15.2,0.267444276,0.31413648,17.99096438,CLONE,166
MT,MTV,2005,CLONE,025B,2019,2020,634,4881,634-4881,1080,1080,13,14,9,9,4,4,25.4,26.85,15.2,15.2,15.2,15.2,0.31413648,0.356448379,17.99096438,CLONE,166
MT,MTV,2005,CLONE,025B,2018,2019,634,4881,634-4881,1080,1080,12.2,13,10,10,6,6,25.15,27.2,16.1,16.8,16.1,16.8,0.330614173,0.388840827,17.99096438,CLONE,167
MT,MTV,2005,CLONE,025B,2019,2020,634,4881,634-4881,1080,1080,13,14,10,10,6,6,27.2,28.75,16.8,17.2,16.8,17.2,0.388840827,0.446145913,17.99096438,CLONE,167
MT,MTV,2005,CLONE,025B,2018,2019,634,4881,634-4881,1080,1080,12.2,13,10,10,9,9,23.75,25.5,0,16,16.9,16,0.307385112,0.331604398,17.99096438,CLONE,168
MT,MTV,2005,CLONE,025B,2019,2020,634,4881,634-4881,1080,1080,13,14,10,10,9,9,25.5,26,16,17.7,16,17.7,0.331604398,0.379426672,17.99096438,CLONE,168
MT,MTV,2005,CLONE,025B,2018,2019,634,4881,634-4881,1080,1080,12.2,13,10,10,10,10,21.1,22.65,0,15.6,16.7,15.6,0.242899291,0.262598822,17.99096438,CLONE,169
MT,MTV,2005,CLONE,025B,2019,2020,634,4881,634-4881,1080,1080,13,14,10,10,10,10,22.65,22.8,15.6,16.8,15.6,16.8,0.262598822,0.285853856,17.99096438,CLONE,169
MT,MTV,2005,CLONE,042A,2018,2019,652,5018,652-5018,1620,1620,12.5,13.2,1,1,1,1,35.75,39.55,23.1,23.5,23.1,23.5,0.868117711,1.027744632,25.73641692,CLONE,170
MT,MTV,2005,CLONE,042A,2019,2020,652,5018,652-5018,1620,1620,13.2,14.3,1,1,1,1,39.55,41.35,23.5,25.5,23.5,25.5,1.027744632,1.192064444,25.73641692,CLONE,170
MT,MTV,2005,CLONE,042A,2018,2019,652,5018,652-5018,1620,1620,12.5,13.2,1,1,5,5,32.15,34.65,22.9,23,22.9,23,0.703486098,0.797070907,25.73641692,CLONE,171
MT,MTV,2005,CLONE,042A,2019,2020,652,5018,652-5018,1620,1620,13.2,14.3,1,1,5,5,34.65,36.05,23,24.2,23,24.2,0.797070907,0.888407125,25.73641692,CLONE,171
MT,MTV,2005,CLONE,042A,2018,2019,652,5018,652-5018,1620,1620,12.5,13.2,1,1,11,11,34.4,36.85,25,25,25,25,0.859650328,0.959763611,25.73641692,CLONE,172
MT,MTV,2005,CLONE,042A,2019,2020,652,5018,652-5018,1620,1620,13.2,14.3,1,1,11,11,36.85,38.95,25,27,25,27,0.959763611,1.11783565,25.73641692,CLONE,172
MT,MTV,2005,CLONE,042A,2018,2019,652,5018,652-5018,1620,1620,12.5,13.2,2,2,6,6,40.9,43.45,24.7,25.2,24.7,25.2,1.185820877,1.294649454,25.73641692,CLONE,173
MT,MTV,2005,CLONE,042A,2019,2020,652,5018,652-5018,1620,1620,13.2,14.3,2,2,6,6,43.45,45,25.2,26.4,25.2,26.4,1.294649454,1.431801982,25.73641692,CLONE,173
MT,MTV,2005,CLONE,042A,2018,2019,652,5018,652-5018,1620,1620,12.5,13.2,2,2,13,13,33.75,36.4,23.7,25.5,23.7,25.5,0.793789105,0.956342014,25.73641692,CLONE,174
MT,MTV,2005,CLONE,042A,2019,2020,652,5018,652-5018,1620,1620,13.2,14.3,2,2,13,13,36.4,38.05,25.5,25.8,25.5,25.8,0.956342014,1.032615827,25.73641692,CLONE,174
MT,MTV,2005,CLONE,042A,2018,2019,652,5018,652-5018,1620,1620,12.5,13.2,3,3,1,1,37.85,41.25,25,25.2,25,25.2,1.032300937,1.180756793,25.73641692,CLONE,175
MT,MTV,2005,CLONE,042A,2019,2020,652,5018,652-5018,1620,1620,13.2,14.3,3,3,1,1,41.25,43.05,25.2,27.6,25.2,27.6,1.180756793,1.367495604,25.73641692,CLONE,175
MT,MTV,2005,CLONE,042A,2018,2019,652,5018,652-5018,1620,1620,12.5,13.2,3,3,8,8,30.55,33.05,24.9,25.3,24.9,25.3,0.68265969,0.80012975,25.73641692,CLONE,176
MT,MTV,2005,CLONE,042A,2019,2020,652,5018,652-5018,1620,1620,13.2,14.3,3,3,8,8,33.05,35.25,25.3,26.1,25.3,26.1,0.80012975,0.905544742,25.73641692,CLONE,176
MT,MTV,2005,CLONE,042A,2018,2019,652,5018,652-5018,1620,1620,12.5,13.2,3,3,12,12,35.05,37.95,25,0,25,25.6,0.891024274,1.034913871,25.73641692,CLONE,177
MT,MTV,2005,CLONE,042A,2019,2020,652,5018,652-5018,1620,1620,13.2,14.3,3,3,12,12,37.95,39.6,0,26.6,25.6,26.6,1.034913871,1.138720187,25.73641692,CLONE,177
MT,MTV,2005,CLONE,042A,2018,2019,652,5018,652-5018,1620,1620,12.5,13.2,3,3,16,16,34.5,37.7,24.2,24.8,24.2,24.8,0.842006011,0.991995019,25.73641692,CLONE,178
MT,MTV,2005,CLONE,042A,2019,2020,652,5018,652-5018,1620,1620,13.2,14.3,3,3,16,16,37.7,39.85,24.8,25.1,24.8,25.1,0.991995019,1.099785507,25.73641692,CLONE,178
MT,MTV,2005,CLONE,042A,2018,2019,652,5018,652-5018,1620,1620,12.5,13.2,4,4,5,5,35.55,37.95,25.5,26,25.5,26,0.930300593,1.048241068,25.73641692,CLONE,179
MT,MTV,2005,CLONE,042A,2019,2020,652,5018,652-5018,1620,1620,13.2,14.3,4,4,5,5,37.95,40.15,26,26.1,26,26.1,1.048241068,1.150401431,25.73641692,CLONE,179
MT,MTV,2005,CLONE,042A,2018,2019,652,5018,652-5018,1620,1620,12.5,13.2,4,4,7,7,29.9,31.95,0,0,24.6,25.4,0.647928674,0.755338358,25.73641692,CLONE,180
MT,MTV,2005,CLONE,042A,2019,2020,652,5018,652-5018,1620,1620,13.2,14.3,4,4,7,7,31.95,32.2,0,0,25.4,26.2,0.755338358,0.769781581,25.73641692,CLONE,180
MT,MTV,2005,CLONE,042A,2018,2019,652,5018,652-5018,1620,1620,12.5,13.2,4,4,10,10,31.6,34.35,0,0,24.7,25.5,0.722488918,0.862563111,25.73641692,CLONE,181
MT,MTV,2005,CLONE,042A,2019,2020,652,5018,652-5018,1620,1620,13.2,14.3,4,4,10,10,34.35,36.3,0,0,25.5,26.5,0.862563111,0.966106166,25.73641692,CLONE,181
MT,MTV,2005,CLONE,042A,2018,2019,652,5018,652-5018,1620,1620,12.5,13.2,4,4,15,15,34.15,37.05,25,25.8,25,25.8,0.847726568,0.997482778,25.73641692,CLONE,182
MT,MTV,2005,CLONE,042A,2019,2020,652,5018,652-5018,1620,1620,13.2,14.3,4,4,15,15,37.05,39.55,25.8,26.5,25.8,26.5,0.997482778,1.132665131,25.73641692,CLONE,182
MT,MTV,2005,CLONE,042A,2018,2019,652,5018,652-5018,1620,1620,12.5,13.2,5,5,2,2,31.1,34.4,22.9,23.2,22.9,23.2,0.660147342,0.793195426,25.73641692,CLONE,183
MT,MTV,2005,CLONE,042A,2019,2020,652,5018,652-5018,1620,1620,13.2,14.3,5,5,2,2,34.4,35.35,23.2,24.2,23.2,24.2,0.793195426,0.856945656,25.73641692,CLONE,183
MT,MTV,2005,CLONE,042A,2018,2019,652,5018,652-5018,1620,1620,12.5,13.2,5,5,18,18,36.4,39.4,24.5,26,24.5,26,0.942379697,1.120265279,25.73641692,CLONE,184
MT,MTV,2005,CLONE,042A,2019,2020,652,5018,652-5018,1620,1620,13.2,14.3,5,5,18,18,39.4,41,26,27.5,26,27.5,1.120265279,1.246534812,25.73641692,CLONE,184
MT,MTV,2005,CLONE,042A,2018,2019,652,5018,652-5018,1620,1620,12.5,13.2,6,6,6,6,33.95,35.85,24.6,25.4,24.6,25.4,0.827383718,0.927526249,25.73641692,CLONE,185
MT,MTV,2005,CLONE,042A,2019,2020,652,5018,652-5018,1620,1620,13.2,14.3,6,6,6,6,35.85,38.2,25.4,26.1,25.4,26.1,0.927526249,1.049762446,25.73641692,CLONE,185
MT,MTV,2005,CLONE,042A,2018,2019,652,5018,652-5018,1620,1620,12.5,13.2,6,6,8,8,36.3,38.2,25.5,25.7,25.5,25.7,0.96824697,1.049256264,25.73641692,CLONE,186
MT,MTV,2005,CLONE,042A,2019,2020,652,5018,652-5018,1620,1620,13.2,14.3,6,6,8,8,38.2,39.7,25.7,25.7,25.7,25.7,1.049256264,1.112989431,25.73641692,CLONE,186
MT,MTV,2005,CLONE,042A,2018,2019,652,5018,652-5018,1620,1620,12.5,13.2,6,6,10,10,33.55,35.8,25.5,25.5,25.5,25.5,0.832660588,0.928582891,25.73641692,CLONE,187
MT,MTV,2005,CLONE,042A,2019,2020,652,5018,652-5018,1620,1620,13.2,14.3,6,6,10,10,35.8,38.05,25.5,26.6,25.5,26.6,0.928582891,1.05811205,25.73641692,CLONE,187
MT,MTV,2005,CLONE,042A,2018,2019,652,5018,652-5018,1620,1620,12.5,13.2,6,6,13,13,39.7,42.6,25.5,25.7,25.5,25.7,1.149335077,1.272886811,25.73641692,CLONE,188
MT,MTV,2005,CLONE,042A,2019,2020,652,5018,652-5018,1620,1620,13.2,14.3,6,6,13,13,42.6,44.95,25.7,27.1,25.7,27.1,1.272886811,1.459060087,25.73641692,CLONE,188
MT,MTV,2005,CLONE,042A,2018,2019,652,5018,652-5018,1620,1620,12.5,13.2,6,6,15,15,35.9,38.3,24,25.7,24,25.7,0.90257308,1.054129034,25.73641692,CLONE,189
MT,MTV,2005,CLONE,042A,2019,2020,652,5018,652-5018,1620,1620,13.2,14.3,6,6,15,15,38.3,40.05,25.7,26.5,25.7,26.5,1.054129034,1.159134838,25.73641692,CLONE,189
MT,MTV,2005,CLONE,042A,2018,2019,652,5018,652-5018,1620,1620,12.5,13.2,7,7,4,4,34.95,37.3,0,0,24.8,25.6,0.880736622,1.002784974,25.73641692,CLONE,190
MT,MTV,2005,CLONE,042A,2019,2020,652,5018,652-5018,1620,1620,13.2,14.3,7,7,4,4,37.3,39.65,0,0,25.6,26.6,1.002784974,1.141492699,25.73641692,CLONE,190
MT,MTV,2005,CLONE,042A,2018,2019,652,5018,652-5018,1620,1620,12.5,13.2,7,7,9,9,37.7,40.1,26,26.8,26,26.8,1.05749064,1.188430639,25.73641692,CLONE,191
MT,MTV,2005,CLONE,042A,2019,2020,652,5018,652-5018,1620,1620,13.2,14.3,7,7,9,9,40.1,41,26.8,27,26.8,27,1.188430639,1.228398506,25.73641692,CLONE,191
MT,MTV,2005,CLONE,042A,2018,2019,652,5018,652-5018,1620,1620,12.5,13.2,7,7,18,18,36.75,39.9,26,26.9,26,26.9,1.007050532,1.181986112,25.73641692,CLONE,192
MT,MTV,2005,CLONE,042A,2019,2020,652,5018,652-5018,1620,1620,13.2,14.3,7,7,18,18,39.9,42.4,26.9,27.1,26.9,27.1,1.181986112,1.310493077,25.73641692,CLONE,192
MT,MTV,2005,CLONE,042A,2018,2019,652,5018,652-5018,1620,1620,12.5,13.2,8,8,2,2,33.75,36.6,25.3,26,25.3,26,0.836846767,0.983066346,25.73641692,CLONE,193
MT,MTV,2005,CLONE,042A,2019,2020,652,5018,652-5018,1620,1620,13.2,14.3,8,8,2,2,36.6,38.3,26,26,26,26,0.983066346,1.051591742,25.73641692,CLONE,193
MT,MTV,2005,CLONE,042A,2018,2019,652,5018,652-5018,1620,1620,12.5,13.2,8,8,4,4,30.35,32.7,0,0,24.6,25.4,0.667287222,0.788178473,25.73641692,CLONE,194
MT,MTV,2005,CLONE,042A,2019,2020,652,5018,652-5018,1620,1620,13.2,14.3,8,8,4,4,32.7,34.1,0,0,25.4,26.3,0.788178473,0.858231421,25.73641692,CLONE,194
MT,MTV,2005,CLONE,042A,2018,2019,652,5018,652-5018,1620,1620,12.5,13.2,9,9,6,6,35.85,38,25.3,26.4,25.3,26.4,0.939392249,1.06553997,25.73641692,CLONE,195
MT,MTV,2005,CLONE,042A,2019,2020,652,5018,652-5018,1620,1620,13.2,14.3,9,9,6,6,38,39.9,26.4,26.6,26.4,26.6,1.06553997,1.154633084,25.73641692,CLONE,195
MT,MTV,2005,CLONE,042A,2018,2019,652,5018,652-5018,1620,1620,12.5,13.2,9,9,8,8,37.6,39.9,24.7,25.9,24.7,25.9,1.009382268,1.141532627,25.73641692,CLONE,196
MT,MTV,2005,CLONE,042A,2019,2020,652,5018,652-5018,1620,1620,13.2,14.3,9,9,8,8,39.9,41.1,25.9,0,25.9,26.7,1.141532627,1.221527499,25.73641692,CLONE,196
MT,MTV,2005,CLONE,042A,2018,2019,652,5018,652-5018,1620,1620,12.5,13.2,9,9,12,12,41.1,43.4,0,0,25,25.8,1.209975957,1.321491993,25.73641692,CLONE,197
MT,MTV,2005,CLONE,042A,2019,2020,652,5018,652-5018,1620,1620,13.2,14.3,9,9,12,12,43.4,46.65,0,0,25.8,26.8,1.321491993,1.550552681,25.73641692,CLONE,197
MT,MTV,2005,CLONE,042A,2018,2019,652,5018,652-5018,1620,1620,12.5,13.2,9,9,15,15,39.75,42.75,25,25.1,25,25.1,1.133808228,1.253326222,25.73641692,CLONE,198
MT,MTV,2005,CLONE,042A,2019,2020,652,5018,652-5018,1620,1620,13.2,14.3,9,9,15,15,42.75,46.1,25.1,25.5,25.1,25.5,1.253326222,1.455917405,25.73641692,CLONE,198
MT,MTV,2005,CLONE,042A,2018,2019,652,5018,652-5018,1620,1620,12.5,13.2,10,10,4,4,33.95,36.4,26,26.5,26,26.5,0.865253774,0.990763536,25.73641692,CLONE,199
MT,MTV,2005,CLONE,042A,2019,2020,652,5018,652-5018,1620,1620,13.2,14.3,10,10,4,4,36.4,38.55,26.5,26.7,26.5,26.7,0.990763536,1.087072892,25.73641692,CLONE,199
MT,MTV,2005,CLONE,042A,2018,2019,652,5018,652-5018,1620,1620,12.5,13.2,10,10,12,12,34.55,37.7,25.5,25.7,25.5,25.7,0.880834159,1.025040141,25.73641692,CLONE,200
MT,MTV,2005,CLONE,042A,2019,2020,652,5018,652-5018,1620,1620,13.2,14.3,10,10,12,12,37.7,39.2,25.7,26.8,25.7,26.8,1.025040141,1.124366951,25.73641692,CLONE,200
MT,MTV,2005,CLONE,042A,2018,2019,652,5030,652-5030,1620,1620,12.5,13.2,1,1,1,1,32.3,36.05,23,23.5,23,23.5,0.712289862,0.872104838,25.10618679,CLONE,201
MT,MTV,2005,CLONE,042A,2019,2020,652,5030,652-5030,1620,1620,13.2,14.3,1,1,1,1,36.05,37.7,23.5,25.2,23.5,25.2,0.872104838,0.996315071,25.10618679,CLONE,201
MT,MTV,2005,CLONE,042A,2018,2019,652,5030,652-5030,1620,1620,12.5,13.2,1,1,6,6,33.1,37.45,24,24.4,24,24.4,0.772589919,0.965821694,25.10618679,CLONE,202
MT,MTV,2005,CLONE,042A,2019,2020,652,5030,652-5030,1620,1620,13.2,14.3,1,1,6,6,37.45,38.65,24.4,25,24.4,25,0.965821694,1.036349869,25.10618679,CLONE,202
MT,MTV,2005,CLONE,042A,2018,2019,652,5030,652-5030,1620,1620,12.5,13.2,1,1,8,8,32.05,35.35,23.5,24.5,23.5,24.5,0.714079952,0.875212583,25.10618679,CLONE,203
MT,MTV,2005,CLONE,042A,2019,2020,652,5030,652-5030,1620,1620,13.2,14.3,1,1,8,8,35.35,37.3,24.5,25.5,24.5,25.5,0.875212583,0.986242664,25.10618679,CLONE,203
MT,MTV,2005,CLONE,042A,2018,2019,652,5030,652-5030,1620,1620,12.5,13.2,1,1,10,10,30,33.6,24.3,24.9,24.3,24.9,0.646442952,0.811897274,25.10618679,CLONE,204
MT,MTV,2005,CLONE,042A,2019,2020,652,5030,652-5030,1620,1620,13.2,14.3,1,1,10,10,33.6,34.35,24.9,25.2,24.9,25.2,0.811897274,0.839620907,25.10618679,CLONE,204
MT,MTV,2005,CLONE,042A,2018,2019,652,5030,652-5030,1620,1620,12.5,13.2,1,1,11,11,30.35,33.1,24,24.4,24,24.4,0.654356444,0.776003053,25.10618679,CLONE,205
MT,MTV,2005,CLONE,042A,2019,2020,652,5030,652-5030,1620,1620,13.2,14.3,1,1,11,11,33.1,34.1,24.4,25.3,24.4,25.3,0.776003053,0.831043583,25.10618679,CLONE,205
MT,MTV,2005,CLONE,042A,2018,2019,652,5030,652-5030,1620,1620,12.5,13.2,1,1,14,14,35.95,39.55,23,24,23,24,0.874369062,1.047828743,25.10618679,CLONE,206
MT,MTV,2005,CLONE,042A,2019,2020,652,5030,652-5030,1620,1620,13.2,14.3,1,1,14,14,39.55,41.3,24,26.2,24,26.2,1.047828743,1.215423528,25.10618679,CLONE,206
MT,MTV,2005,CLONE,042A,2018,2019,652,5030,652-5030,1620,1620,12.5,13.2,1,1,17,17,34.85,38.25,21.6,23.8,21.6,23.8,0.783064496,0.979998778,25.10618679,CLONE,207
MT,MTV,2005,CLONE,042A,2019,2020,652,5030,652-5030,1620,1620,13.2,14.3,1,1,17,17,38.25,40.25,23.8,25.4,23.8,25.4,0.979998778,1.1308508,25.10618679,CLONE,207
MT,MTV,2005,CLONE,042A,2018,2019,652,5030,652-5030,1620,1620,12.5,13.2,1,1,18,18,32.2,35.1,22.7,23.9,22.7,23.9,0.700595862,0.844796918,25.10618679,CLONE,208
MT,MTV,2005,CLONE,042A,2019,2020,652,5030,652-5030,1620,1620,13.2,14.3,1,1,18,18,35.1,36.45,23.9,24.9,23.9,24.9,0.844796918,0.927503514,25.10618679,CLONE,208
MT,MTV,2005,CLONE,042A,2018,2019,652,5030,652-5030,1620,1620,12.5,13.2,2,2,4,4,28.85,31.9,24.4,24.8,24.4,24.8,0.601818161,0.73779097,25.10618679,CLONE,209
MT,MTV,2005,CLONE,042A,2019,2020,652,5030,652-5030,1620,1620,13.2,14.3,2,2,4,4,31.9,33.75,24.8,25.6,24.8,25.6,0.73779097,0.823140738,25.10618679,CLONE,209
MT,MTV,2005,CLONE,042A,2018,2019,652,5030,652-5030,1620,1620,12.5,13.2,2,2,12,12,36.3,39.55,23.4,25.1,23.4,25.1,0.903247826,1.091895997,25.10618679,CLONE,210
MT,MTV,2005,CLONE,042A,2019,2020,652,5030,652-5030,1620,1620,13.2,14.3,2,2,12,12,39.55,41.2,25.1,25.9,25.1,25.9,1.091895997,1.198938126,25.10618679,CLONE,210
MT,MTV,2005,CLONE,042A,2018,2019,652,5030,652-5030,1620,1620,12.5,13.2,3,3,3,3,32.9,36.15,24.4,25.1,24.4,25.1,0.773950321,0.931101009,25.10618679,CLONE,211
MT,MTV,2005,CLONE,042A,2019,2020,652,5030,652-5030,1620,1620,13.2,14.3,3,3,3,3,36.15,37.95,25.1,25.7,25.1,25.7,0.931101009,1.024448491,25.10618679,CLONE,211
MT,MTV,2005,CLONE,042A,2018,2019,652,5030,652-5030,1620,1620,12.5,13.2,3,3,8,8,29.55,32.85,0,0,23.4,24.4,0.60951662,0.765663661,25.10618679,CLONE,212
MT,MTV,2005,CLONE,042A,2019,2020,652,5030,652-5030,1620,1620,13.2,14.3,3,3,8,8,32.85,34.35,0,0,24.4,25.7,0.765663661,0.853780557,25.10618679,CLONE,212
MT,MTV,2005,CLONE,042A,2018,2019,652,5030,652-5030,1620,1620,12.5,13.2,4,4,1,1,35,38,24.3,24.9,24.3,24.9,0.868419683,1.009756084,25.10618679,CLONE,213
MT,MTV,2005,CLONE,042A,2019,2020,652,5030,652-5030,1620,1620,13.2,14.3,4,4,1,1,38,38.95,24.9,26.5,24.9,26.5,1.009756084,1.101270086,25.10618679,CLONE,213
MT,MTV,2005,CLONE,042A,2018,2019,652,5030,652-5030,1620,1620,12.5,13.2,4,4,7,7,31.25,34.45,24,24.2,24,24.2,0.692018304,0.826695578,25.10618679,CLONE,214
MT,MTV,2005,CLONE,042A,2019,2020,652,5030,652-5030,1620,1620,13.2,14.3,4,4,7,7,34.45,35.3,24.2,25.5,24.2,25.5,0.826695578,0.891198123,25.10618679,CLONE,214
MT,MTV,2005,CLONE,042A,2018,2019,652,5030,652-5030,1620,1620,12.5,13.2,4,4,15,15,37.5,42,22.4,23.8,22.4,23.8,0.927936108,1.156670164,25.10618679,CLONE,215
MT,MTV,2005,CLONE,042A,2019,2020,652,5030,652-5030,1620,1620,13.2,14.3,4,4,15,15,42,44.1,23.8,24.5,23.8,24.5,1.156670164,1.299691108,25.10618679,CLONE,215
MT,MTV,2005,CLONE,042A,2018,2019,652,5030,652-5030,1620,1620,12.5,13.2,4,4,18,18,31.45,34.35,24,24.6,24,24.6,0.700524265,0.834935753,25.10618679,CLONE,216
MT,MTV,2005,CLONE,042A,2019,2020,652,5030,652-5030,1620,1620,13.2,14.3,4,4,18,18,34.35,36.55,24.6,25.2,24.6,25.2,0.834935753,0.941147841,25.10618679,CLONE,216
MT,MTV,2005,CLONE,042A,2018,2019,652,5030,652-5030,1620,1620,12.5,13.2,5,5,2,2,32.1,34.8,22.5,24.2,22.5,24.2,0.691469751,0.841638738,25.10618679,CLONE,217
MT,MTV,2005,CLONE,042A,2019,2020,652,5030,652-5030,1620,1620,13.2,14.3,5,5,2,2,34.8,36.5,24.2,25.4,24.2,25.4,0.841638738,0.944728232,25.10618679,CLONE,217
MT,MTV,2005,CLONE,042A,2018,2019,652,5030,652-5030,1620,1620,12.5,13.2,5,5,5,5,32.5,35.7,0,0,23.6,24.5,0.735135025,0.891636284,25.10618679,CLONE,218
MT,MTV,2005,CLONE,042A,2019,2020,652,5030,652-5030,1620,1620,13.2,14.3,5,5,5,5,35.7,37.15,0,0,24.5,25.9,0.891636284,0.990301625,25.10618679,CLONE,218
MT,MTV,2005,CLONE,042A,2018,2019,652,5030,652-5030,1620,1620,12.5,13.2,5,5,8,8,35.75,38.3,23.5,24.6,23.5,24.6,0.88025236,1.012580988,25.10618679,CLONE,219
MT,MTV,2005,CLONE,042A,2019,2020,652,5030,652-5030,1620,1620,13.2,14.3,5,5,8,8,38.3,39.6,24.6,25,24.6,25,1.012580988,1.083671284,25.10618679,CLONE,219
MT,MTV,2005,CLONE,042A,2018,2019,652,5030,652-5030,1620,1620,12.5,13.2,5,5,10,10,39.4,42.6,23.3,23.7,23.3,23.7,1.053065003,1.181533479,25.10618679,CLONE,220
MT,MTV,2005,CLONE,042A,2019,2020,652,5030,652-5030,1620,1620,13.2,14.3,5,5,10,10,42.6,44.85,23.7,24.3,23.7,24.3,1.181533479,1.331875755,25.10618679,CLONE,220
MT,MTV,2005,CLONE,042A,2018,2019,652,5030,652-5030,1620,1620,12.5,13.2,5,5,13,13,34.55,37.35,24.3,24.5,24.3,24.5,0.847164364,0.964876773,25.10618679,CLONE,221
MT,MTV,2005,CLONE,042A,2019,2020,652,5030,652-5030,1620,1620,13.2,14.3,5,5,13,13,37.35,39.25,24.5,25.9,24.5,25.9,0.964876773,1.096671663,25.10618679,CLONE,221
MT,MTV,2005,CLONE,042A,2018,2019,652,5030,652-5030,1620,1620,12.5,13.2,6,6,1,1,36.55,39,22.8,24.5,22.8,24.5,0.896176304,1.04170229,25.10618679,CLONE,222
MT,MTV,2005,CLONE,042A,2019,2020,652,5030,652-5030,1620,1620,13.2,14.3,6,6,1,1,39,39.3,24.5,26.5,24.5,26.5,1.04170229,1.119534945,25.10618679,CLONE,222
MT,MTV,2005,CLONE,042A,2018,2019,652,5030,652-5030,1620,1620,12.5,13.2,6,6,6,6,30,32.5,0,0,23.4,24.4,0.627951019,0.750772615,25.10618679,CLONE,223
MT,MTV,2005,CLONE,042A,2019,2020,652,5030,652-5030,1620,1620,13.2,14.3,6,6,6,6,32.5,33.55,0,0,24.4,25.7,0.750772615,0.816477988,25.10618679,CLONE,223
MT,MTV,2005,CLONE,042A,2018,2019,652,5030,652-5030,1620,1620,12.5,13.2,6,6,14,14,30.55,33.75,0,0,23.5,24.4,0.650838392,0.804539432,25.10618679,CLONE,224
MT,MTV,2005,CLONE,042A,2019,2020,652,5030,652-5030,1620,1620,13.2,14.3,6,6,14,14,33.75,34.7,0,0,24.4,25.8,0.804539432,0.870339426,25.10618679,CLONE,224
MT,MTV,2005,CLONE,042A,2018,2019,652,5030,652-5030,1620,1620,12.5,13.2,6,6,17,17,33.65,37.7,23.2,24.5,23.2,24.5,0.775799871,0.980958613,25.10618679,CLONE,225
MT,MTV,2005,CLONE,042A,2019,2020,652,5030,652-5030,1620,1620,13.2,14.3,6,6,17,17,37.7,39,24.5,25,24.5,25,0.980958613,1.053671926,25.10618679,CLONE,225
MT,MTV,2005,CLONE,042A,2018,2019,652,5030,652-5030,1620,1620,12.5,13.2,7,7,2,2,35.65,38.65,0,0,23.7,24.6,0.881635582,1.030756979,25.10618679,CLONE,226
MT,MTV,2005,CLONE,042A,2019,2020,652,5030,652-5030,1620,1620,13.2,14.3,7,7,2,2,38.65,40.65,0,0,24.6,26,1.030756979,1.17385498,25.10618679,CLONE,226
MT,MTV,2005,CLONE,042A,2018,2019,652,5030,652-5030,1620,1620,12.5,13.2,7,7,5,5,34.8,37.1,0,0,23.7,24.6,0.840851367,0.956562942,25.10618679,CLONE,227
MT,MTV,2005,CLONE,042A,2019,2020,652,5030,652-5030,1620,1620,13.2,14.3,7,7,5,5,37.1,38.95,0,0,24.6,25.9,0.956562942,1.082922057,25.10618679,CLONE,227
MT,MTV,2005,CLONE,042A,2018,2019,652,5030,652-5030,1620,1620,12.5,13.2,7,7,7,7,35.85,38.25,24.2,24.8,24.2,24.8,0.906227961,1.017787117,25.10618679,CLONE,228
MT,MTV,2005,CLONE,042A,2019,2020,652,5030,652-5030,1620,1620,13.2,14.3,7,7,7,7,38.25,40.1,24.8,27,24.8,27,1.017787117,1.179273169,25.10618679,CLONE,228
MT,MTV,2005,CLONE,042A,2018,2019,652,5030,652-5030,1620,1620,12.5,13.2,7,7,9,9,36.65,38.95,0,0,23.7,24.7,0.930797977,1.045395719,25.10618679,CLONE,229
MT,MTV,2005,CLONE,042A,2019,2020,652,5030,652-5030,1620,1620,13.2,14.3,7,7,9,9,38.95,40,0,0,24.7,26,1.045395719,1.13869144,25.10618679,CLONE,229
MT,MTV,2005,CLONE,042A,2018,2019,652,5030,652-5030,1620,1620,12.5,13.2,7,7,11,11,36.1,38.8,25,25.6,25,25.6,0.942839059,1.074781529,25.10618679,CLONE,230
MT,MTV,2005,CLONE,042A,2019,2020,652,5030,652-5030,1620,1620,13.2,14.3,7,7,11,11,38.8,41.2,25.6,26,25.6,26,1.074781529,1.20263416,25.10618679,CLONE,230
MT,MTV,2005,CLONE,042A,2018,2019,652,5030,652-5030,1620,1620,12.5,13.2,8,8,13,13,34.95,37.6,25,25.2,25,25.2,0.886162546,1.001966009,25.10618679,CLONE,231
MT,MTV,2005,CLONE,042A,2019,2020,652,5030,652-5030,1620,1620,13.2,14.3,8,8,13,13,37.6,38.65,25.2,26.4,25.2,26.4,1.001966009,1.082449891,25.10618679,CLONE,231
MT,MTV,2005,CLONE,042A,2018,2019,652,5030,652-5030,1620,1620,12.5,13.2,8,8,16,16,29.55,32.75,0,0,23.4,24.4,0.60951662,0.761396056,25.10618679,CLONE,232
MT,MTV,2005,CLONE,042A,2019,2020,652,5030,652-5030,1620,1620,13.2,14.3,8,8,16,16,32.75,34.1,0,25,24.4,25,0.761396056,0.823163109,25.10618679,CLONE,232
MT,MTV,2005,CLONE,042A,2018,2019,652,5030,652-5030,1620,1620,12.5,13.2,9,9,12,12,33.2,35.35,24,25.6,24,25.6,0.777065786,0.911270472,25.10618679,CLONE,233
MT,MTV,2005,CLONE,042A,2019,2020,652,5030,652-5030,1620,1620,13.2,14.3,9,9,12,12,35.35,37.1,25.6,26.9,25.6,26.9,0.911270472,1.019133088,25.10618679,CLONE,233
MT,MTV,2005,CLONE,042A,2018,2019,652,5030,652-5030,1620,1620,12.5,13.2,9,9,14,14,31.5,34,0,0,23.5,24.5,0.691292902,0.815487103,25.10618679,CLONE,234
MT,MTV,2005,CLONE,042A,2019,2020,652,5030,652-5030,1620,1620,13.2,14.3,9,9,14,14,34,35.2,0,0,24.5,25.8,0.815487103,0.894246638,25.10618679,CLONE,234
MT,MTV,2005,CLONE,042A,2018,2019,652,5030,652-5030,1620,1620,12.5,13.2,9,9,17,17,38.55,41.3,24.8,25.3,24.8,25.3,1.06224786,1.187610197,25.10618679,CLONE,235
MT,MTV,2005,CLONE,042A,2019,2020,652,5030,652-5030,1620,1620,13.2,14.3,9,9,17,17,41.3,42.6,25.3,26.1,25.3,26.1,1.187610197,1.282774168,25.10618679,CLONE,235
MT,MTV,2005,CLONE,042A,2018,2019,652,5030,652-5030,1620,1620,12.5,13.2,10,10,2,2,33.1,35.25,24.8,25.4,24.8,25.4,0.793347373,0.900193196,25.10618679,CLONE,236
MT,MTV,2005,CLONE,042A,2019,2020,652,5030,652-5030,1620,1620,13.2,14.3,10,10,2,2,35.25,36.75,25.4,26.5,25.4,26.5,0.900193196,0.989610976,25.10618679,CLONE,236
MT,MTV,2005,CLONE,042A,2018,2019,652,5030,652-5030,1620,1620,12.5,13.2,10,10,4,4,34.85,38.2,25,25.5,25,25.5,0.881313528,1.041747804,25.10618679,CLONE,237
MT,MTV,2005,CLONE,042A,2019,2020,652,5030,652-5030,1620,1620,13.2,14.3,10,10,4,4,38.2,40.7,25.5,27.5,25.5,27.5,1.041747804,1.229814839,25.10618679,CLONE,237
MT,MTV,2005,CLONE,067A,2018,2019,683,4656,683-4656,1620,1620,12.4,13.1,1,1,1,1,26.55,27.95,22,24,22,24,0.472076764,0.56637135,24.03353553,CLONE,238
MT,MTV,2005,CLONE,067A,2019,2020,683,4656,683-4656,1620,1620,13.1,14.2,1,1,1,1,27.95,28.4,24,24.3,24,24.3,0.56637135,0.574869463,24.03353553,CLONE,238
MT,MTV,2005,CLONE,067A,2018,2019,683,4656,683-4656,1620,1620,12.4,13.1,1,1,3,3,26.35,29.4,23.4,24,23.4,24,0.48908935,0.619482628,24.03353553,CLONE,239
MT,MTV,2005,CLONE,067A,2019,2020,683,4656,683-4656,1620,1620,13.1,14.2,1,1,3,3,29.4,30.6,24,24.1,24,24.1,0.619482628,0.655065031,24.03353553,CLONE,239
MT,MTV,2005,CLONE,067A,2018,2019,683,4656,683-4656,1620,1620,12.4,13.1,1,1,7,7,30.5,33.05,23,24.1,23,24.1,0.638218638,0.765175325,24.03353553,CLONE,240
MT,MTV,2005,CLONE,067A,2018,2019,683,4656,683-4656,1620,1620,12.4,13.1,1,1,12,12,29.1,31.35,23.4,23.5,23.4,23.5,0.591488145,0.680850557,24.03353553,CLONE,241
MT,MTV,2005,CLONE,067A,2019,2020,683,4656,683-4656,1620,1620,13.1,14.2,1,1,12,12,31.35,33,23.5,25.5,23.5,25.5,0.680850557,0.787354363,24.03353553,CLONE,241
MT,MTV,2005,CLONE,067A,2018,2019,683,4656,683-4656,1620,1620,12.4,13.1,1,1,15,15,29.8,32.15,23.8,23.9,23.8,23.9,0.627576246,0.723076417,24.03353553,CLONE,242
MT,MTV,2005,CLONE,067A,2019,2020,683,4656,683-4656,1620,1620,13.1,14.2,1,1,15,15,32.15,33.5,23.9,25,23.9,25,0.723076417,0.79672733,24.03353553,CLONE,242
MT,MTV,2005,CLONE,067A,2018,2019,683,4656,683-4656,1620,1620,12.4,13.1,2,2,9,9,26.8,29.25,22.2,22.3,22.2,22.3,0.484155504,0.573802096,24.03353553,CLONE,243
MT,MTV,2005,CLONE,067A,2019,2020,683,4656,683-4656,1620,1620,13.1,14.2,2,2,9,9,29.25,30.05,22.3,24,22.3,24,0.573802096,0.631477803,24.03353553,CLONE,243
MT,MTV,2005,CLONE,067A,2018,2019,683,4656,683-4656,1620,1620,12.4,13.1,3,3,4,4,24,27.95,24,24.9,24,24.9,0.417436639,0.585866155,24.03353553,CLONE,244
MT,MTV,2005,CLONE,067A,2019,2020,683,4656,683-4656,1620,1620,13.1,14.2,3,3,4,4,27.95,29.35,24.9,25,24.9,25,0.585866155,0.624735846,24.03353553,CLONE,244
MT,MTV,2005,CLONE,067A,2018,2019,683,4656,683-4656,1620,1620,12.4,13.1,3,3,7,7,25.35,28.6,22.5,25,22.5,25,0.439986587,0.612481271,24.03353553,CLONE,245
MT,MTV,2005,CLONE,067A,2019,2020,683,4656,683-4656,1620,1620,13.1,14.2,3,3,7,7,28.6,28.95,25,26,25,26,0.612481271,0.628555218,24.03353553,CLONE,245
MT,MTV,2005,CLONE,067A,2018,2019,683,4656,683-4656,1620,1620,12.4,13.1,3,3,12,12,26.85,29.75,23.5,24,23.5,24,0.50876668,0.632612448,24.03353553,CLONE,246
MT,MTV,2005,CLONE,067A,2019,2020,683,4656,683-4656,1620,1620,13.1,14.2,3,3,12,12,29.75,30.55,24,25.8,24,25.8,0.632612448,0.689641574,24.03353553,CLONE,246
MT,MTV,2005,CLONE,067A,2018,2019,683,4656,683-4656,1620,1620,12.4,13.1,3,3,16,16,25.55,28.35,22.9,23,22.9,23,0.453067561,0.558530865,24.03353553,CLONE,247
MT,MTV,2005,CLONE,067A,2019,2020,683,4656,683-4656,1620,1620,13.1,14.2,3,3,16,16,28.35,28.95,23,23.5,23,23.5,0.558530865,0.579794656,24.03353553,CLONE,247
MT,MTV,2005,CLONE,067A,2018,2019,683,4656,683-4656,1620,1620,12.4,13.1,3,3,18,18,24.6,26.95,23,0,23,23.2,0.422844911,0.51533489,24.03353553,CLONE,248
MT,MTV,2005,CLONE,067A,2019,2020,683,4656,683-4656,1620,1620,13.1,14.2,3,3,18,18,26.95,27.95,0,0,23.2,24.3,0.51533489,0.557752741,24.03353553,CLONE,248
MT,MTV,2005,CLONE,067A,2018,2019,683,4656,683-4656,1620,1620,12.4,13.1,4,4,3,3,26.5,28,0,0,22.6,23.3,0.480314283,0.552990524,24.03353553,CLONE,249
MT,MTV,2005,CLONE,067A,2019,2020,683,4656,683-4656,1620,1620,13.1,14.2,4,4,3,3,28,29.95,0,25,23.3,25,0.552990524,0.64842078,24.03353553,CLONE,249
MT,MTV,2005,CLONE,067A,2018,2019,683,4656,683-4656,1620,1620,12.4,13.1,4,4,6,6,28.05,30.35,23,23.5,23,23.5,0.543661663,0.642837048,24.03353553,CLONE,250
MT,MTV,2005,CLONE,067A,2019,2020,683,4656,683-4656,1620,1620,13.1,14.2,4,4,6,6,30.35,31,23.5,25,23.5,25,0.642837048,0.690834437,24.03353553,CLONE,250
MT,MTV,2005,CLONE,067A,2018,2019,683,4656,683-4656,1620,1620,12.4,13.1,4,4,7,7,26.35,28.5,23,23.2,23,23.2,0.482318187,0.56828382,24.03353553,CLONE,251
MT,MTV,2005,CLONE,067A,2019,2020,683,4656,683-4656,1620,1620,13.1,14.2,4,4,7,7,28.5,29.1,23.2,24.2,23.2,24.2,0.56828382,0.599215702,24.03353553,CLONE,251
MT,MTV,2005,CLONE,067A,2018,2019,683,4656,683-4656,1620,1620,12.4,13.1,4,4,9,9,27.75,29.75,21.9,23,21.9,23,0.511890217,0.608340576,24.03353553,CLONE,252
MT,MTV,2005,CLONE,067A,2019,2020,683,4656,683-4656,1620,1620,13.1,14.2,4,4,9,9,29.75,29.85,23,24.5,23,24.5,0.608340576,0.634129563,24.03353553,CLONE,252
MT,MTV,2005,CLONE,067A,2018,2019,683,4656,683-4656,1620,1620,12.4,13.1,4,4,10,10,28.05,31.1,22.5,24,22.5,24,0.534085367,0.684375701,24.03353553,CLONE,253
MT,MTV,2005,CLONE,067A,2018,2019,683,4656,683-4656,1620,1620,12.4,13.1,4,4,13,13,26.05,28.05,0,23,22.5,23,0.464307268,0.54809917,24.03353553,CLONE,254
MT,MTV,2005,CLONE,067A,2019,2020,683,4656,683-4656,1620,1620,13.1,14.2,4,4,13,13,28.05,28.9,23,24.7,23,24.7,0.54809917,0.601408955,24.03353553,CLONE,254
MT,MTV,2005,CLONE,067A,2018,2019,683,4656,683-4656,1620,1620,12.4,13.1,4,4,16,16,28.25,30.25,22.3,24,22.3,24,0.537506926,0.651577123,24.03353553,CLONE,255
MT,MTV,2005,CLONE,067A,2019,2020,683,4656,683-4656,1620,1620,13.1,14.2,4,4,16,16,30.25,31.25,24,24.9,24,24.9,0.651577123,0.698872406,24.03353553,CLONE,255
MT,MTV,2005,CLONE,067A,2018,2019,683,4656,683-4656,1620,1620,12.4,13.1,4,4,18,18,26.2,28.05,23.8,24,23.8,24,0.490447326,0.569967501,24.03353553,CLONE,256
MT,MTV,2005,CLONE,067A,2019,2020,683,4656,683-4656,1620,1620,13.1,14.2,4,4,18,18,28.05,28.35,24,24,24,24,0.569967501,0.567352298,24.03353553,CLONE,256
MT,MTV,2005,CLONE,067A,2018,2019,683,4656,683-4656,1620,1620,12.4,13.1,6,6,3,3,26.35,28.65,0,0,22.6,23.3,0.474949779,0.576880209,24.03353553,CLONE,257
MT,MTV,2005,CLONE,067A,2019,2020,683,4656,683-4656,1620,1620,13.1,14.2,6,6,3,3,28.65,29.15,0,24.5,23.3,24.5,0.576880209,0.607054908,24.03353553,CLONE,257
MT,MTV,2005,CLONE,067A,2018,2019,683,4656,683-4656,1620,1620,12.4,13.1,6,6,4,4,25.75,27.95,0,0,22.5,23.3,0.453780184,0.551171145,24.03353553,CLONE,258
MT,MTV,2005,CLONE,067A,2019,2020,683,4656,683-4656,1620,1620,13.1,14.2,6,6,4,4,27.95,28.6,0,0,23.3,24.3,0.551171145,0.582752001,24.03353553,CLONE,258
MT,MTV,2005,CLONE,067A,2018,2019,683,4656,683-4656,1620,1620,12.4,13.1,6,6,6,6,26.75,29.3,23.1,24,23.1,24,0.498180705,0.615753305,24.03353553,CLONE,259
MT,MTV,2005,CLONE,067A,2019,2020,683,4656,683-4656,1620,1620,13.1,14.2,6,6,6,6,29.3,30.15,24,24.5,24,24.5,0.615753305,0.645897754,24.03353553,CLONE,259
MT,MTV,2005,CLONE,067A,2018,2019,683,4656,683-4656,1620,1620,12.4,13.1,6,6,9,9,31.65,33.9,22,23.7,22,23.7,0.660907321,0.788176891,24.03353553,CLONE,260
MT,MTV,2005,CLONE,067A,2019,2020,683,4656,683-4656,1620,1620,13.1,14.2,6,6,9,9,33.9,35.3,23.7,24,23.7,24,0.788176891,0.849071357,24.03353553,CLONE,260
MT,MTV,2005,CLONE,067A,2018,2019,683,4656,683-4656,1620,1620,12.4,13.1,6,6,13,13,28.2,32.05,23,23.1,23,23.1,0.549242567,0.6969385,24.03353553,CLONE,261
MT,MTV,2005,CLONE,067A,2019,2020,683,4656,683-4656,1620,1620,13.1,14.2,6,6,13,13,32.05,33.3,23.1,25.5,23.1,25.5,0.6969385,0.800566057,24.03353553,CLONE,261
MT,MTV,2005,CLONE,067A,2018,2019,683,4656,683-4656,1620,1620,12.4,13.1,6,6,16,16,25.3,27.8,0,0,22.5,23.3,0.438206241,0.545728722,24.03353553,CLONE,262
MT,MTV,2005,CLONE,067A,2019,2020,683,4656,683-4656,1620,1620,13.1,14.2,6,6,16,16,27.8,28.9,0,0,23.3,24.3,0.545728722,0.594458806,24.03353553,CLONE,262
MT,MTV,2005,CLONE,067A,2019,2020,683,4656,683-4656,1620,1620,13.1,14.2,6,6,18,18,30,31.65,24.3,25,24.3,25,0.649438322,0.717703518,24.03353553,CLONE,263
MT,MTV,2005,CLONE,067A,2018,2019,683,4656,683-4656,1620,1620,12.4,13.1,7,7,1,1,25.05,26.75,0,0,22.5,23.2,0.429666533,0.508294113,24.03353553,CLONE,264
MT,MTV,2005,CLONE,067A,2019,2020,683,4656,683-4656,1620,1620,13.1,14.2,7,7,1,1,26.75,27.5,0,0,23.2,24.2,0.508294113,0.540739353,24.03353553,CLONE,264
MT,MTV,2005,CLONE,067A,2018,2019,683,4656,683-4656,1620,1620,12.4,13.1,7,7,7,7,26.6,28.8,23.2,23.5,23.2,23.5,0.494569347,0.585806302,24.03353553,CLONE,265
MT,MTV,2005,CLONE,067A,2019,2020,683,4656,683-4656,1620,1620,13.1,14.2,7,7,7,7,28.8,29.1,23.5,24.5,23.5,24.5,0.585806302,0.60514164,24.03353553,CLONE,265
MT,MTV,2005,CLONE,067A,2018,2019,683,4656,683-4656,1620,1620,12.4,13.1,7,7,9,9,27.1,29.45,0,23,22.6,23,0.502060288,0.597511173,24.03353553,CLONE,266
MT,MTV,2005,CLONE,067A,2019,2020,683,4656,683-4656,1620,1620,13.1,14.2,7,7,9,9,29.45,30.55,23,25,23,25,0.597511173,0.672507083,24.03353553,CLONE,266
MT,MTV,2005,CLONE,067A,2018,2019,683,4656,683-4656,1620,1620,12.4,13.1,7,7,16,16,26.6,27.85,0,0,22.6,23.3,0.483906627,0.547540243,24.03353553,CLONE,267
MT,MTV,2005,CLONE,067A,2019,2020,683,4656,683-4656,1620,1620,13.1,14.2,7,7,16,16,27.85,29.1,0,24,23.3,24,0.547540243,0.595256867,24.03353553,CLONE,267
MT,MTV,2005,CLONE,067A,2018,2019,683,4656,683-4656,1620,1620,12.4,13.1,8,8,6,6,26,28.05,0,0,22.5,23.3,0.462544736,0.55481252,24.03353553,CLONE,268
MT,MTV,2005,CLONE,067A,2019,2020,683,4656,683-4656,1620,1620,13.1,14.2,8,8,6,6,28.05,29.3,0,24.5,23.3,24.5,0.55481252,0.612811239,24.03353553,CLONE,268
MT,MTV,2005,CLONE,067A,2018,2019,683,4656,683-4656,1620,1620,12.4,13.1,8,8,12,12,26.1,28.95,0,0,22.5,23.4,0.466073008,0.588054728,24.03353553,CLONE,269
MT,MTV,2005,CLONE,067A,2019,2020,683,4656,683-4656,1620,1620,13.1,14.2,8,8,12,12,28.95,30.1,0,25,23.4,25,0.588054728,0.654404778,24.03353553,CLONE,269
MT,MTV,2005,CLONE,067A,2018,2019,683,4656,683-4656,1620,1620,12.4,13.1,8,8,18,18,26.55,29.55,23.5,23.5,23.5,23.5,0.497936747,0.613113579,24.03353553,CLONE,270
MT,MTV,2005,CLONE,067A,2019,2020,683,4656,683-4656,1620,1620,13.1,14.2,8,8,18,18,29.55,30.05,23.5,23.7,23.5,23.7,0.613113579,0.625164971,24.03353553,CLONE,270
MT,MTV,2005,CLONE,067A,2018,2019,683,4656,683-4656,1620,1620,12.4,13.1,9,9,1,1,24.7,27.1,0,0,22.4,23.2,0.417846087,0.520643208,24.03353553,CLONE,271
MT,MTV,2005,CLONE,067A,2018,2019,683,4656,683-4656,1620,1620,12.4,13.1,9,9,3,3,26.5,28.95,23,23,23,23,0.487589636,0.579650834,24.03353553,CLONE,272
MT,MTV,2005,CLONE,067A,2019,2020,683,4656,683-4656,1620,1620,13.1,14.2,9,9,3,3,28.95,29.4,23,23.2,23,23.2,0.579650834,0.590384364,24.03353553,CLONE,272
MT,MTV,2005,CLONE,067A,2018,2019,683,4656,683-4656,1620,1620,12.4,13.1,9,9,9,9,27.95,30.15,23.5,24.5,23.5,24.5,0.549427718,0.660159737,24.03353553,CLONE,273
MT,MTV,2005,CLONE,067A,2019,2020,683,4656,683-4656,1620,1620,13.1,14.2,9,9,9,9,30.15,30.45,24.5,24.9,24.5,24.9,0.660159737,0.666328292,24.03353553,CLONE,273
MT,MTV,2005,CLONE,067A,2018,2019,683,4656,683-4656,1620,1620,12.4,13.1,9,9,13,13,28.05,30.7,23,24,23,24,0.543661663,0.668853655,24.03353553,CLONE,274
MT,MTV,2005,CLONE,067A,2019,2020,683,4656,683-4656,1620,1620,13.1,14.2,9,9,13,13,30.7,31.4,24,24.2,24,24.2,0.668853655,0.689176145,24.03353553,CLONE,274
MT,MTV,2005,CLONE,067A,2018,2019,683,4656,683-4656,1620,1620,12.4,13.1,9,9,16,16,28.4,30.2,22.2,23.4,22.2,23.4,0.541015854,0.634724181,24.03353553,CLONE,275
MT,MTV,2005,CLONE,067A,2019,2020,683,4656,683-4656,1620,1620,13.1,14.2,9,9,16,16,30.2,30.4,23.4,23.6,23.4,23.6,0.634724181,0.636466098,24.03353553,CLONE,275
MT,MTV,2005,CLONE,067A,2018,2019,683,4679,683-4679,1620,1620,12.4,13.1,1,1,1,1,27.75,30.05,19.9,21.2,19.9,21.2,0.473748319,0.57455955,21.33281235,CLONE,276
MT,MTV,2005,CLONE,067A,2019,2020,683,4679,683-4679,1620,1620,13.1,14.2,1,1,1,1,30.05,30.95,21.2,22.2,21.2,22.2,0.57455955,0.626440901,21.33281235,CLONE,276
MT,MTV,2005,CLONE,067A,2018,2019,683,4679,683-4679,1620,1620,12.4,13.1,1,1,13,13,27.4,29.8,19.8,21.2,19.8,21.2,0.460492579,0.566115488,21.33281235,CLONE,277
MT,MTV,2005,CLONE,067A,2019,2020,683,4679,683-4679,1620,1620,13.1,14.2,1,1,13,13,29.8,30.95,21.2,21.2,21.2,21.2,0.566115488,0.603797851,21.33281235,CLONE,277
MT,MTV,2005,CLONE,067A,2018,2019,683,4679,683-4679,1620,1620,12.4,13.1,1,1,16,16,26.15,27.55,19.2,20,19.2,20,0.410756123,0.466894846,21.33281235,CLONE,278
MT,MTV,2005,CLONE,067A,2019,2020,683,4679,683-4679,1620,1620,13.1,14.2,1,1,16,16,27.55,29.25,20,20,20,20,0.466894846,0.519475019,21.33281235,CLONE,278
MT,MTV,2005,CLONE,067A,2018,2019,683,4679,683-4679,1620,1620,12.4,13.1,2,2,3,3,28,30.75,19.9,22,19.9,22,0.481954987,0.619221921,21.33281235,CLONE,279
MT,MTV,2005,CLONE,067A,2019,2020,683,4679,683-4679,1620,1620,13.1,14.2,2,2,3,3,30.75,30.9,22,22,22,22,0.619221921,0.620082774,21.33281235,CLONE,279
MT,MTV,2005,CLONE,067A,2018,2019,683,4679,683-4679,1620,1620,12.4,13.1,2,2,6,6,32.4,33.35,20.1,22.1,20.1,22.1,0.642540757,0.718007708,21.33281235,CLONE,280
MT,MTV,2005,CLONE,067A,2019,2020,683,4679,683-4679,1620,1620,13.1,14.2,2,2,6,6,33.35,35.3,22.1,23,22.1,23,0.718007708,0.820692921,21.33281235,CLONE,280
MT,MTV,2005,CLONE,067A,2018,2019,683,4679,683-4679,1620,1620,12.4,13.1,2,2,9,9,26.65,28.9,20,21.2,20,21.2,0.440220606,0.536169108,21.33281235,CLONE,281
MT,MTV,2005,CLONE,067A,2019,2020,683,4679,683-4679,1620,1620,13.1,14.2,2,2,9,9,28.9,29.85,21.2,21.7,21.2,21.7,0.536169108,0.575544804,21.33281235,CLONE,281
MT,MTV,2005,CLONE,067A,2018,2019,683,4679,683-4679,1620,1620,12.4,13.1,2,2,12,12,24.9,27.85,18.7,20.1,18.7,20.1,0.366085719,0.478130089,21.33281235,CLONE,282
MT,MTV,2005,CLONE,067A,2018,2019,683,4679,683-4679,1620,1620,12.4,13.1,2,2,18,18,21.7,24.2,18.5,19.9,18.5,19.9,0.27887448,0.369343599,21.33281235,CLONE,283
MT,MTV,2005,CLONE,067A,2019,2020,683,4679,683-4679,1620,1620,13.1,14.2,2,2,18,18,24.2,24.65,19.9,20,19.9,20,0.369343599,0.379251302,21.33281235,CLONE,283
MT,MTV,2005,CLONE,067A,2018,2019,683,4679,683-4679,1620,1620,12.4,13.1,4,4,1,1,26.95,29.5,19.6,22,19.6,22,0.44247188,0.575314492,21.33281235,CLONE,284
MT,MTV,2005,CLONE,067A,2019,2020,683,4679,683-4679,1620,1620,13.1,14.2,4,4,1,1,29.5,29.85,22,22,22,22,0.575314492,0.581891487,21.33281235,CLONE,284
MT,MTV,2005,CLONE,067A,2018,2019,683,4679,683-4679,1620,1620,12.4,13.1,4,4,3,3,25.55,27.3,0,0,20,21.6,0.405299725,0.494134147,21.33281235,CLONE,285
MT,MTV,2005,CLONE,067A,2019,2020,683,4679,683-4679,1620,1620,13.1,14.2,4,4,3,3,27.3,27.75,0,0,21.6,21.6,0.494134147,0.50197535,21.33281235,CLONE,285
MT,MTV,2005,CLONE,067A,2018,2019,683,4679,683-4679,1620,1620,12.4,13.1,4,4,6,6,28.7,30.5,20.1,22,20.1,22,0.509393839,0.610327986,21.33281235,CLONE,286
MT,MTV,2005,CLONE,067A,2019,2020,683,4679,683-4679,1620,1620,13.1,14.2,4,4,6,6,30.5,31.35,22,22,22,22,0.610327986,0.636788877,21.33281235,CLONE,286
MT,MTV,2005,CLONE,067A,2018,2019,683,4679,683-4679,1620,1620,12.4,13.1,4,4,7,7,25.1,26.8,0,0,19.9,21.6,0.391278096,0.477554762,21.33281235,CLONE,287
MT,MTV,2005,CLONE,067A,2019,2020,683,4679,683-4679,1620,1620,13.1,14.2,4,4,7,7,26.8,27.25,0,0,21.6,21.6,0.477554762,0.48484943,21.33281235,CLONE,287
MT,MTV,2005,CLONE,067A,2018,2019,683,4679,683-4679,1620,1620,12.4,13.1,4,4,9,9,28.15,30.15,19.7,23,19.7,23,0.482950693,0.622911441,21.33281235,CLONE,288
MT,MTV,2005,CLONE,067A,2019,2020,683,4679,683-4679,1620,1620,13.1,14.2,4,4,9,9,30.15,31,23,21.5,23,21.5,0.622911441,0.612427992,21.33281235,CLONE,288
MT,MTV,2005,CLONE,067A,2018,2019,683,4679,683-4679,1620,1620,12.4,13.1,4,4,10,10,24.65,26.35,0,0,19.9,21.6,0.377492813,0.462844987,21.33281235,CLONE,289
MT,MTV,2005,CLONE,067A,2019,2020,683,4679,683-4679,1620,1620,13.1,14.2,4,4,10,10,26.35,27.4,0,0,21.6,21.6,0.462844987,0.489958681,21.33281235,CLONE,289
MT,MTV,2005,CLONE,067A,2018,2019,683,4679,683-4679,1620,1620,12.4,13.1,4,4,15,15,25.45,27.3,20.1,21.5,20.1,21.5,0.404673543,0.490992975,21.33281235,CLONE,290
MT,MTV,2005,CLONE,067A,2019,2020,683,4679,683-4679,1620,1620,13.1,14.2,4,4,15,15,27.3,28.9,21.5,21.5,21.5,21.5,0.490992975,0.538317876,21.33281235,CLONE,290
MT,MTV,2005,CLONE,067A,2018,2019,683,4679,683-4679,1620,1620,12.4,13.1,4,4,18,18,27.25,30.05,19.8,21.8,19.8,21.8,0.455677199,0.589490744,21.33281235,CLONE,291
MT,MTV,2005,CLONE,067A,2019,2020,683,4679,683-4679,1620,1620,13.1,14.2,4,4,18,18,30.05,30.45,21.8,21.8,21.8,21.8,0.589490744,0.599192703,21.33281235,CLONE,291
MT,MTV,2005,CLONE,067A,2018,2019,683,4679,683-4679,1620,1620,12.4,13.1,5,5,1,1,27.7,28.4,19.8,0,19.8,21.7,0.470195868,0.531475053,21.33281235,CLONE,292
MT,MTV,2005,CLONE,067A,2019,2020,683,4679,683-4679,1620,1620,13.1,14.2,5,5,1,1,28.4,29.15,0,0,21.7,21.7,0.531475053,0.551368145,21.33281235,CLONE,292
MT,MTV,2005,CLONE,067A,2018,2019,683,4679,683-4679,1620,1620,12.4,13.1,5,5,4,4,26,30.1,0,21.5,20,21.5,0.419557329,0.58374674,21.33281235,CLONE,293
MT,MTV,2005,CLONE,067A,2019,2020,683,4679,683-4679,1620,1620,13.1,14.2,5,5,4,4,30.1,30.9,21.5,21.5,21.5,21.5,0.58374674,0.608800267,21.33281235,CLONE,293
MT,MTV,2005,CLONE,067A,2018,2019,683,4679,683-4679,1620,1620,12.4,13.1,5,5,13,13,28.05,30,21.9,23,21.9,23,0.52253982,0.617429759,21.33281235,CLONE,294
MT,MTV,2005,CLONE,067A,2019,2020,683,4679,683-4679,1620,1620,13.1,14.2,5,5,13,13,30,31.8,23,23,23,23,0.617429759,0.677324192,21.33281235,CLONE,294
MT,MTV,2005,CLONE,067A,2018,2019,683,4679,683-4679,1620,1620,12.4,13.1,6,6,12,12,25.35,27.05,0,0,19.9,21.6,0.399038735,0.485813572,21.33281235,CLONE,295
MT,MTV,2005,CLONE,067A,2019,2020,683,4679,683-4679,1620,1620,13.1,14.2,6,6,12,12,27.05,28.55,0,0,21.6,21.7,0.485813572,0.529940584,21.33281235,CLONE,295
MT,MTV,2005,CLONE,067A,2018,2019,683,4679,683-4679,1620,1620,12.4,13.1,6,6,16,16,23.4,25.25,0,0,19.8,21.5,0.340443621,0.427737191,21.33281235,CLONE,296
MT,MTV,2005,CLONE,067A,2019,2020,683,4679,683-4679,1620,1620,13.1,14.2,6,6,16,16,25.25,25.95,0,0,21.5,21.5,0.427737191,0.44159726,21.33281235,CLONE,296
MT,MTV,2005,CLONE,067A,2018,2019,683,4679,683-4679,1620,1620,12.4,13.1,7,7,4,4,24.5,26.5,0,0,19.9,21.6,0.372950304,0.467725911,21.33281235,CLONE,297
MT,MTV,2005,CLONE,067A,2019,2020,683,4679,683-4679,1620,1620,13.1,14.2,7,7,4,4,26.5,28.5,0,0,21.6,21.7,0.467725911,0.52817248,21.33281235,CLONE,297
MT,MTV,2005,CLONE,067A,2018,2019,683,4679,683-4679,1620,1620,12.4,13.1,7,7,6,6,30.95,33.85,21.7,22,21.7,22,0.626208758,0.734128614,21.33281235,CLONE,298
MT,MTV,2005,CLONE,067A,2019,2020,683,4679,683-4679,1620,1620,13.1,14.2,7,7,6,6,33.85,34.95,22,22,22,22,0.734128614,0.777684536,21.33281235,CLONE,298
MT,MTV,2005,CLONE,067A,2018,2019,683,4679,683-4679,1620,1620,12.4,13.1,7,7,9,9,31.5,34.4,20.1,23,20.1,23,0.608796803,0.786907471,21.33281235,CLONE,299
MT,MTV,2005,CLONE,067A,2019,2020,683,4679,683-4679,1620,1620,13.1,14.2,7,7,9,9,34.4,35.25,23,23,23,23,0.786907471,0.818556696,21.33281235,CLONE,299
MT,MTV,2005,CLONE,067A,2018,2019,683,4679,683-4679,1620,1620,12.4,13.1,7,7,12,12,30.95,33.05,20.2,22,20.2,22,0.590970681,0.703661311,21.33281235,CLONE,300
MT,MTV,2005,CLONE,067A,2019,2020,683,4679,683-4679,1620,1620,13.1,14.2,7,7,12,12,33.05,33.75,22,22,22,22,0.703661311,0.729294533,21.33281235,CLONE,300
MT,MTV,2005,CLONE,067A,2018,2019,683,4679,683-4679,1620,1620,12.4,13.1,7,7,16,16,29,30.8,18.9,22.1,18.9,22.1,0.494407826,0.623601792,21.33281235,CLONE,301
MT,MTV,2005,CLONE,067A,2019,2020,683,4679,683-4679,1620,1620,13.1,14.2,7,7,16,16,30.8,31.6,22.1,21,22.1,21,0.623601792,0.622588469,21.33281235,CLONE,301
MT,MTV,2005,CLONE,067A,2018,2019,683,4679,683-4679,1620,1620,12.4,13.1,9,9,7,7,25.65,28.3,0,21.5,20,21.5,0.408447701,0.523316174,21.33281235,CLONE,302
MT,MTV,2005,CLONE,067A,2019,2020,683,4679,683-4679,1620,1620,13.1,14.2,9,9,7,7,28.3,28.95,21.5,21.5,21.5,21.5,0.523316174,0.540031656,21.33281235,CLONE,302
MT,MTV,2005,CLONE,067A,2018,2019,683,4679,683-4679,1620,1620,12.4,13.1,9,9,10,10,28.6,32.1,21.3,21.5,21.3,21.5,0.530290052,0.654241156,21.33281235,CLONE,303
MT,MTV,2005,CLONE,067A,2019,2020,683,4679,683-4679,1620,1620,13.1,14.2,9,9,10,10,32.1,33.05,21.5,21.5,21.5,21.5,0.654241156,0.688955227,21.33281235,CLONE,303
MT,MTV,2005,CLONE,067A,2018,2019,683,4679,683-4679,1620,1620,12.4,13.1,9,9,15,15,25.65,28.05,19.5,19.5,19.5,19.5,0.400841718,0.470928361,21.33281235,CLONE,304
MT,MTV,2005,CLONE,067A,2019,2020,683,4679,683-4679,1620,1620,13.1,14.2,9,9,15,15,28.05,30.3,19.5,19.5,19.5,19.5,0.470928361,0.543183135,21.33281235,CLONE,304
MT,MTV,2005,CLONE,067A,2018,2019,683,4679,683-4679,1620,1620,12.4,13.1,10,10,3,3,26.8,29.25,19.2,21.3,19.2,21.3,0.430529884,0.550105202,21.33281235,CLONE,305
MT,MTV,2005,CLONE,067A,2019,2020,683,4679,683-4679,1620,1620,13.1,14.2,10,10,3,3,29.25,30.35,21.3,21.3,21.3,21.3,0.550105202,0.58464304,21.33281235,CLONE,305
MT,MTV,2005,CLONE,067A,2018,2019,683,4679,683-4679,1620,1620,12.4,13.1,10,10,6,6,28.1,30.05,20.8,21,20.8,21,0.502926073,0.569574945,21.33281235,CLONE,306
MT,MTV,2005,CLONE,067A,2019,2020,683,4679,683-4679,1620,1620,13.1,14.2,10,10,6,6,30.05,30.6,21,21.6,21,21.6,0.569574945,0.600196611,21.33281235,CLONE,306
MT,MTV,2005,CLONE,067A,2018,2019,683,4679,683-4679,1620,1620,12.4,13.1,10,10,12,12,27.8,29.4,0,22.5,20.1,22.5,0.478940357,0.583799354,21.33281235,CLONE,307
MT,MTV,2005,CLONE,067A,2019,2020,683,4679,683-4679,1620,1620,13.1,14.2,10,10,12,12,29.4,30.35,22.5,22.5,22.5,22.5,0.583799354,0.610805883,21.33281235,CLONE,307
MT,MTV,2005,CLONE,067A,2018,2019,683,4679,683-4679,1620,1620,12.4,13.1,10,10,18,18,26.9,28.8,20.8,21.9,20.8,21.9,0.462602736,0.549038793,21.33281235,CLONE,308
MT,MTV,2005,CLONE,067A,2019,2020,683,4679,683-4679,1620,1620,13.1,14.2,10,10,18,18,28.8,30.85,21.9,21.9,21.9,21.9,0.549038793,0.615993412,21.33281235,CLONE,308
