idade,larguraanel,diametro,progenie,amostra
1,2.61,5.22,4,4122
2,1.17,7.55,4,4122
3,1.3,10.14,4,4122
4,0.87,11.89,4,4122
5,0.35,12.59,4,4122
6,1.11,14.81,4,4122
7,0.22,15.26,4,4122
8,0.09,15.43,4,4122
1,2.75,5.5,4,4132
2,1.31,8.13,4,4132
3,1.16,10.45,4,4132
4,0.73,11.91,4,4132
5,0.29,12.48,4,4132
6,0.41,13.31,4,4132
7,0.26,13.83,4,4132
8,0.07,13.97,4,4132
1,1.55,3.1,4,4152
2,1.42,5.95,4,4152
3,1.28,8.5,4,4152
4,0.74,9.97,4,4152
5,0.46,10.9,4,4152
6,0.64,12.17,4,4152
7,0.37,12.91,4,4152
8,0.25,13.4,4,4152
1,2.51,5.02,4,4162
2,1.37,7.77,4,4162
3,0.95,9.68,4,4162
4,0.71,11.1,4,4162
5,0.33,11.76,4,4162
6,0.38,12.52,4,4162
7,0.27,13.06,4,4162
8,0.06,13.18,4,4162
1,1.72,3.44,4,4312
2,1.79,7.02,4,4312
3,0.9,8.82,4,4312
4,0.62,10.05,4,4312
5,0.26,10.57,4,4312
6,0.51,11.6,4,4312
7,0.24,12.08,4,4312
8,0.17,12.42,4,4312
1,2.16,4.32,4,4322
2,1.78,7.89,4,4322
3,1.24,10.38,4,4322
4,0.79,11.96,4,4322
5,0.31,12.58,4,4322
6,0.64,13.86,4,4322
7,0.28,14.42,4,4322
8,0.26,14.93,4,4322
1,1.94,3.89,4,4342
2,1.4,6.68,4,4342
3,1.34,9.35,4,4342
4,0.94,11.24,4,4342
5,0.23,11.7,4,4342
6,0.36,12.43,4,4342
7,0.29,13.01,4,4342
8,0.17,13.35,4,4342
1,2.1,4.21,4,4362
2,1.39,6.98,4,4362
3,1.07,9.12,4,4362
4,0.66,10.45,4,4362
5,0.19,10.82,4,4362
6,0.33,11.47,4,4362
7,0.32,12.12,4,4362
8,0.09,12.29,4,4362
1,2.08,4.16,4,4512
2,1.21,6.59,4,4512
3,1.49,9.57,4,4512
4,1.17,11.91,4,4512
5,0.33,12.58,4,4512
6,0.88,14.34,4,4512
7,0.26,14.85,4,4512
8,0.15,15.15,4,4512
1,2.78,5.57,4,4552
2,1.6,8.76,4,4552
3,1.61,11.98,4,4552
4,1.2,14.37,4,4552
5,0.4,15.18,4,4552
6,0.81,16.81,4,4552
7,0.34,17.5,4,4552
8,0.25,17.99,4,4552
1,2.43,4.86,4,4562
2,1.27,7.4,4,4562
3,1.48,10.37,4,4562
4,1.09,12.55,4,4562
5,0.33,13.21,4,4562
6,0.53,14.26,4,4562
7,0.28,14.82,4,4562
8,0.19,15.19,4,4562
1,2.05,4.1,5,5122
2,1.61,7.31,5,5122
3,1.14,9.6,5,5122
4,0.7,10.99,5,5122
5,0.32,11.62,5,5122
6,0.38,12.39,5,5122
7,0.27,12.94,5,5122
8,0.08,13.1,5,5122
1,2.63,5.26,5,5132
2,1.03,7.31,5,5132
3,1.01,9.33,5,5132
4,0.86,11.06,5,5132
5,0.32,11.69,5,5132
6,0.36,12.41,5,5132
7,0.19,12.78,5,5132
8,0.06,12.89,5,5132
1,2.72,5.44,5,5152
2,0.71,6.86,5,5152
3,1.26,9.37,5,5152
4,0.96,11.28,5,5152
5,0.27,11.82,5,5152
6,0.48,12.78,5,5152
7,0.27,13.32,5,5152
8,0.12,13.56,5,5152
1,2.94,5.87,5,5162
2,0.7,7.26,5,5162
3,1.24,9.74,5,5162
4,0.78,11.3,5,5162
5,0.26,11.82,5,5162
6,0.66,13.13,5,5162
7,0.27,13.66,5,5162
8,0.12,13.91,5,5162
1,2.54,5.08,5,5322
2,1.26,7.6,5,5322
3,1.67,10.95,5,5322
4,1.33,13.6,5,5322
5,0.49,14.58,5,5322
6,0.91,16.4,5,5322
7,0.3,16.99,5,5322
8,0.24,17.47,5,5322
1,2.74,5.47,5,5352
2,0.94,7.36,5,5352
3,1.14,9.65,5,5352
4,0.93,11.5,5,5352
5,0.28,12.06,5,5352
6,0.41,12.88,5,5352
7,0.37,13.62,5,5352
8,0.1,13.81,5,5352
1,2.41,4.82,5,5362
2,0.72,6.27,5,5362
3,1.07,8.4,5,5362
4,0.41,9.21,5,5362
5,0.18,9.57,5,5362
6,0.08,9.73,5,5362
7,0.07,9.87,5,5362
8,0.03,9.93,5,5362
1,2.15,4.3,5,5522
2,0.87,6.03,5,5522
3,1.03,8.09,5,5522
4,0.87,9.83,5,5522
5,0.3,10.42,5,5522
6,0.51,11.44,5,5522
7,0.2,11.85,5,5522
8,0.12,12.1,5,5522
1,1.74,3.49,5,5532
2,1.65,6.79,5,5532
3,1.58,9.96,5,5532
4,1.25,12.46,5,5532
5,0.39,13.24,5,5532
6,0.58,14.4,5,5532
7,0.41,15.22,5,5532
8,0.09,15.41,5,5532
1,2.02,4.03,5,5542
2,1.18,6.38,5,5542
3,1.44,9.26,5,5542
4,1.05,11.35,5,5542
5,0.36,12.07,5,5542
6,0.36,12.8,5,5542
7,0.28,13.37,5,5542
8,0.09,13.55,5,5542
1,2.02,4.03,5,5552
2,1.23,6.5,5,5552
3,1.47,9.44,5,5552
4,1.39,12.22,5,5552
5,0.45,13.12,5,5552
6,0.75,14.62,5,5552
7,0.52,15.66,5,5552
8,0.35,16.37,5,5552
1,1.86,3.71,6,6112
2,1.65,7.02,6,6112
3,0.88,8.78,6,6112
4,0.39,9.56,6,6112
5,0.16,9.89,6,6112
6,0.15,10.19,6,6112
7,0.12,10.43,6,6112
8,0.07,10.56,6,6112
1,2.02,4.05,6,6122
2,1.57,7.18,6,6122
3,1.29,9.76,6,6122
4,0.96,11.68,6,6122
5,0.2,12.08,6,6122
6,0.58,13.23,6,6122
7,0.3,13.84,6,6122
8,0.14,14.13,6,6122
1,2.1,4.2,6,6132
2,1.19,6.58,6,6132
3,1.15,8.88,6,6132
4,0.93,10.74,6,6132
5,0.36,11.46,6,6132
6,0.71,12.88,6,6132
7,0.44,13.76,6,6132
8,0.18,14.12,6,6132
1,2.14,4.29,6,6162
2,1.3,6.89,6,6162
3,1.38,9.66,6,6162
4,1.21,12.08,6,6162
5,0.37,12.82,6,6162
6,0.65,14.12,6,6162
7,0.25,14.62,6,6162
8,0.21,15.05,6,6162
1,2.08,4.15,6,6322
2,1.43,7.01,6,6322
3,1.37,9.74,6,6322
4,0.99,11.73,6,6322
5,0.28,12.28,6,6322
6,0.49,13.26,6,6322
7,0.28,13.81,6,6322
8,0.17,14.16,6,6322
1,3.06,6.11,6,6332
2,1.58,9.28,6,6332
3,1.71,12.7,6,6332
4,1.08,14.86,6,6332
5,0.45,15.76,6,6332
6,0.71,17.18,6,6332
7,0.39,17.97,6,6332
8,0.26,18.48,6,6332
1,2.67,5.34,6,6342
2,1.54,8.43,6,6342
3,1.01,10.46,6,6342
4,0.53,11.51,6,6342
5,0.17,11.85,6,6342
6,0.15,12.15,6,6342
7,0.16,12.48,6,6342
8,0.09,12.66,6,6342
1,2.27,4.54,6,6362
2,1.62,7.78,6,6362
3,1.32,10.42,6,6362
4,0.91,12.24,6,6362
5,0.3,12.84,6,6362
6,0.56,13.97,6,6362
7,0.2,14.38,6,6362
8,0.14,14.66,6,6362
1,2.28,4.56,6,6522
2,1.73,8.02,6,6522
3,0.98,9.98,6,6522
4,0.92,11.83,6,6522
5,0.29,12.41,6,6522
6,0.32,13.06,6,6522
7,0.23,13.51,6,6522
8,0.06,13.62,6,6522
1,2.81,5.62,6,6542
2,1.46,8.54,6,6542
3,1.65,11.84,6,6542
4,1.11,14.06,6,6542
5,0.46,14.98,6,6542
6,0.69,16.35,6,6542
7,0.37,17.09,6,6542
8,0.22,17.52,6,6542
1,2.28,4.56,6,6552
2,1.35,7.26,6,6552
3,1.36,9.98,6,6552
4,1.22,12.41,6,6552
5,0.17,12.74,6,6552
6,0.48,13.7,6,6552
7,0.2,14.09,6,6552
8,0.08,14.24,6,6552
1,2.29,4.58,6,6562
2,1.18,6.94,6,6562
3,1.04,9.02,6,6562
4,0.6,10.21,6,6562
5,0.21,10.62,6,6562
6,0.24,11.1,6,6562
7,0.23,11.55,6,6562
8,0.07,11.69,6,6562
1,2.23,4.46,8,8112
2,1.57,7.6,8,8112
3,1.22,10.04,8,8112
4,0.86,11.76,8,8112
5,0.41,12.58,8,8112
6,0.51,13.61,8,8112
7,0.3,14.21,8,8112
8,0.13,14.47,8,8112
1,2.42,4.85,8,8122
2,0.97,6.78,8,8122
3,1.18,9.14,8,8122
4,0.84,10.82,8,8122
5,0.29,11.39,8,8122
6,0.36,12.11,8,8122
7,0.24,12.6,8,8122
8,0.09,12.78,8,8122
1,2.42,4.83,8,8142
2,1.07,6.98,8,8142
3,1.42,9.82,8,8142
4,1.13,12.08,8,8142
5,0.43,12.94,8,8142
6,0.66,14.27,8,8142
7,0.4,15.07,8,8142
8,0.2,15.46,8,8142
1,2.08,4.16,8,8162
2,1.32,6.81,8,8162
3,1.18,9.17,8,8162
4,0.84,10.84,8,8162
5,0.28,11.41,8,8162
6,0.42,12.26,8,8162
7,0.15,12.55,8,8162
8,0.1,12.75,8,8162
1,2.32,4.64,8,8312
2,1.14,6.93,8,8312
3,0.94,8.8,8,8312
4,0.9,10.61,8,8312
5,0.18,10.98,8,8312
6,0.38,11.74,8,8312
7,0.18,12.1,8,8312
8,0.15,12.4,8,8312
1,2.43,4.85,8,8322
2,1.1,7.05,8,8322
3,1.11,9.27,8,8322
4,0.58,10.42,8,8322
5,0.17,10.76,8,8322
6,0.16,11.07,8,8322
7,0.16,11.4,8,8322
8,0.12,11.64,8,8322
1,2.17,4.34,8,8342
2,1.66,7.67,8,8342
3,1.6,10.86,8,8342
4,1.11,13.09,8,8342
5,0.44,13.96,8,8342
6,0.48,14.91,8,8342
7,0.31,15.52,8,8342
8,0.26,16.05,8,8342
1,2.91,5.82,8,8512
2,0.61,7.04,8,8512
3,0.56,8.16,8,8512
4,0.76,9.68,8,8512
5,0.16,9.99,8,8512
6,0.13,10.24,8,8512
7,0.13,10.51,8,8512
8,0.1,10.71,8,8512
1,1.25,2.5,8,8522
2,2.56,7.62,8,8522
3,1.16,9.94,8,8522
4,1.07,12.08,8,8522
5,0.37,12.82,8,8522
6,0.34,13.5,8,8522
7,0.24,13.97,8,8522
8,0.21,14.38,8,8522
1,1.62,3.23,8,8542
2,2,7.22,8,8542
3,1.4,10.03,8,8542
4,1.15,12.34,8,8542
5,0.41,13.16,8,8542
6,0.8,14.75,8,8542
7,0.26,15.27,8,8542
8,0.14,15.55,8,8542
1,2.08,4.16,8,8562
2,2.76,9.68,8,8562
3,1.9,13.49,8,8562
4,1.13,15.74,8,8562
5,0.4,16.54,8,8562
6,0.64,17.83,8,8562
7,0.42,18.68,8,8562
8,0.17,19.02,8,8562
1,2.48,4.95,10,10112
2,1.24,7.44,10,10112
3,1.34,10.11,10,10112
4,1.16,12.43,10,10112
5,0.26,12.96,10,10112
6,0.76,14.48,10,10112
7,0.26,14.99,10,10112
8,0.13,15.26,10,10112
1,2.43,4.86,10,10122
2,0.66,6.18,10,10122
3,1.3,8.77,10,10122
4,0.73,10.23,10,10122
5,0.23,10.69,10,10122
6,0.26,11.21,10,10122
7,0.17,11.54,10,10122
8,0.04,11.62,10,10122
1,2.06,4.11,10,10142
2,1.65,7.42,10,10142
3,1.67,10.75,10,10142
4,1.16,13.08,10,10142
5,0.36,13.79,10,10142
6,0.62,15.02,10,10142
7,0.3,15.62,10,10142
8,0.08,15.78,10,10142
1,2.15,4.3,10,10322
2,2.2,8.71,10,10322
3,0.99,10.69,10,10322
4,0.6,11.89,10,10322
5,0.21,12.3,10,10322
6,0.43,13.15,10,10322
7,0.19,13.53,10,10322
8,0.12,13.76,10,10322
1,3.29,6.58,10,10342
2,0.68,7.95,10,10342
3,0.7,9.35,10,10342
4,1.36,12.08,10,10342
5,0.49,13.05,10,10342
6,0.79,14.64,10,10342
7,0.5,15.63,10,10342
8,0.32,16.28,10,10342
1,2.14,4.29,10,10352
2,1.27,6.82,10,10352
3,1.54,9.9,10,10352
4,1,11.91,10,10352
5,0.3,12.52,10,10352
6,0.34,13.2,10,10352
7,0.11,13.42,10,10352
8,0.04,13.49,10,10352
1,2.28,4.57,10,10362
2,1.18,6.94,10,10362
3,1.58,10.09,10,10362
4,0.98,12.04,10,10362
5,0.31,12.67,10,10362
6,0.53,13.73,10,10362
7,0.42,14.57,10,10362
8,0.22,15.02,10,10362
1,2.18,4.35,10,10512
2,1.7,7.76,10,10512
3,1.48,10.72,10,10512
4,1.02,12.76,10,10512
5,0.26,13.27,10,10512
6,0.66,14.58,10,10512
7,0.21,15.01,10,10512
8,0.14,15.3,10,10512
1,1.94,3.87,10,10522
2,1.58,7.03,10,10522
3,1.61,10.25,10,10522
4,1.12,12.49,10,10522
5,0.46,13.42,10,10522
6,0.41,14.23,10,10522
7,0.27,14.77,10,10522
8,0.16,15.1,10,10522
1,1.85,3.7,10,10532
2,1.2,6.1,10,10532
3,1.38,8.86,10,10532
4,1.21,11.28,10,10532
5,0.35,11.98,10,10532
6,0.58,13.14,10,10532
7,0.33,13.8,10,10532
8,0.25,14.3,10,10532
1,1.86,3.71,10,10552
2,1.42,6.54,10,10552
3,1.68,9.9,10,10552
4,1.78,13.46,10,10552
5,0.61,14.67,10,10552
6,1.2,17.07,10,10552
7,0.35,17.78,10,10552
8,0.35,18.48,10,10552
1,2.45,4.9,11,11112
2,1.5,7.9,11,11112
3,1.47,10.85,11,11112
4,1.22,13.28,11,11112
5,0.28,13.84,11,11112
6,0.65,15.14,11,11112
7,0.46,16.06,11,11112
8,0.22,16.51,11,11112
1,2.45,4.9,11,11122
2,1.44,7.77,11,11122
3,0.96,9.7,11,11122
4,0.88,11.46,11,11122
5,0.37,12.2,11,11122
6,0.56,13.32,11,11122
7,0.25,13.82,11,11122
8,0.12,14.05,11,11122
1,2.47,4.95,11,11152
2,1.34,7.62,11,11152
3,1.51,10.64,11,11152
4,1.1,12.85,11,11152
5,0.35,13.54,11,11152
6,0.56,14.65,11,11152
7,0.24,15.14,11,11152
8,0.23,15.59,11,11152
1,2.02,4.05,11,11162
2,1.46,6.98,11,11162
3,1.41,9.79,11,11162
4,1.22,12.22,11,11162
5,0.24,12.7,11,11162
6,0.64,13.98,11,11162
7,0.21,14.39,11,11162
8,0.19,14.78,11,11162
1,2.83,5.66,11,11312
2,1.12,7.9,11,11312
3,1.62,11.15,11,11312
4,1.59,14.34,11,11312
5,0.38,15.1,11,11312
6,0.76,16.62,11,11312
7,0.36,17.34,11,11312
8,0.16,17.66,11,11312
1,2.53,5.06,11,11332
2,1.45,7.95,11,11332
3,1.09,10.13,11,11332
4,1.26,12.65,11,11332
5,0.33,13.31,11,11332
6,0.77,14.85,11,11332
7,0.42,15.69,11,11332
8,0.22,16.14,11,11332
1,2.33,4.65,11,11342
2,0.89,6.42,11,11342
3,1.36,9.14,11,11342
4,1.02,11.18,11,11342
5,0.24,11.66,11,11342
6,0.3,12.26,11,11342
7,0.17,12.59,11,11342
8,0.08,12.75,11,11342
1,2.68,5.36,11,11352
2,0.88,7.12,11,11352
3,1.4,9.92,11,11352
4,1.42,12.77,11,11352
5,0.44,13.64,11,11352
6,0.98,15.6,11,11352
7,0.27,16.14,11,11352
8,0.31,16.76,11,11352
1,1.95,3.9,11,11522
2,1.52,6.94,11,11522
3,1.51,9.96,11,11522
4,1.1,12.16,11,11522
5,0.36,12.88,11,11522
6,0.67,14.22,11,11522
7,0.41,15.03,11,11522
8,0.25,15.54,11,11522
1,2.67,5.34,11,11542
2,1.52,8.38,11,11542
3,1.54,11.47,11,11542
4,1.53,14.53,11,11542
5,0.46,15.44,11,11542
6,0.97,17.38,11,11542
7,0.41,18.19,11,11542
8,0.32,18.83,11,11542
1,2.23,4.46,11,11552
2,1.44,7.34,11,11552
3,1.1,9.53,11,11552
4,0.39,10.31,11,11552
5,0.18,10.68,11,11552
6,0.13,10.93,11,11552
7,0.08,11.09,11,11552
8,0.03,11.15,11,11552
1,1.94,3.89,11,11562
2,1.28,6.46,11,11562
3,1.07,8.59,11,11562
4,0.68,9.95,11,11562
5,0.29,10.53,11,11562
6,0.28,11.08,11,11562
7,0.2,11.48,11,11562
8,0.08,11.64,11,11562
1,2.91,5.82,15,15112
2,1.26,8.34,15,15112
3,1.25,10.84,15,15112
4,1,12.85,15,15112
5,0.19,13.24,15,15112
6,0.28,13.8,15,15112
7,0.24,14.28,15,15112
8,0.08,14.44,15,15112
1,2.14,4.28,15,15132
2,1.84,7.95,15,15132
3,1.28,10.52,15,15132
4,1.3,13.12,15,15132
5,0.4,13.92,15,15132
6,0.59,15.1,15,15132
7,0.31,15.72,15,15132
8,0.08,15.88,15,15132
1,2.58,5.15,15,15142
2,1.08,7.32,15,15142
3,1.22,9.76,15,15142
4,0.93,11.62,15,15142
5,0.3,12.22,15,15142
6,0.34,12.91,15,15142
7,0.15,13.2,15,15142
8,0.04,13.28,15,15142
1,2.26,4.53,15,15162
2,1.45,7.43,15,15162
3,1.28,9.99,15,15162
4,0.82,11.62,15,15162
5,0.24,12.11,15,15162
6,0.36,12.84,15,15162
7,0.27,13.38,15,15162
8,0.12,13.62,15,15162
1,2.33,4.66,15,15312
2,1.79,8.24,15,15312
3,1.15,10.53,15,15312
4,1.14,12.81,15,15312
5,0.38,13.58,15,15312
6,0.5,14.57,15,15312
7,0.13,14.82,15,15312
8,0.05,14.91,15,15312
1,2.98,5.95,15,15322
2,1.32,8.59,15,15322
3,1.2,10.98,15,15322
4,1.03,13.05,15,15322
5,0.51,14.06,15,15322
6,0.33,14.73,15,15322
7,0.18,15.1,15,15322
8,0.04,15.18,15,15322
1,2.91,5.82,15,15342
2,1.48,8.79,15,15342
3,1.5,11.8,15,15342
4,1.04,13.88,15,15342
5,0.28,14.44,15,15342
6,0.46,15.37,15,15342
7,0.27,15.91,15,15342
8,0.08,16.08,15,15342
1,1.88,3.76,15,15352
2,1.22,6.19,15,15352
3,1.18,8.55,15,15352
4,0.79,10.13,15,15352
5,0.25,10.62,15,15352
6,0.21,11.05,15,15352
7,0.18,11.4,15,15352
8,0.03,11.46,15,15352
1,2.08,4.16,15,15522
2,1.6,7.35,15,15522
3,1.21,9.77,15,15522
4,1.03,11.83,15,15522
5,0.33,12.49,15,15522
6,0.92,14.32,15,15522
7,0.28,14.89,15,15522
8,0.24,15.38,15,15522
1,2.04,4.08,15,15532
2,1.44,6.95,15,15532
3,1.03,9.01,15,15532
4,0.89,10.78,15,15532
5,0.13,11.05,15,15532
6,0.12,11.29,15,15532
7,0.08,11.45,15,15532
8,0.02,11.49,15,15532
1,2.46,4.92,15,15542
2,1.03,6.97,15,15542
3,0.84,8.65,15,15542
4,0.68,10,15,15542
5,0.18,10.37,15,15542
6,0.36,11.08,15,15542
7,0.06,11.21,15,15542
8,0.03,11.26,15,15542
1,2.64,5.28,15,15562
2,1.88,9.04,15,15562
3,1.56,12.16,15,15562
4,1.13,14.42,15,15562
5,0.2,14.82,15,15562
6,0.79,16.4,15,15562
7,0.3,16.99,15,15562
8,0.28,17.55,15,15562
1,2.11,4.22,24,24122
2,1.44,7.09,24,24122
3,1.18,9.45,24,24122
4,0.89,11.23,24,24122
5,0.36,11.96,24,24122
6,0.42,12.79,24,24122
7,0.15,13.1,24,24122
8,0.07,13.25,24,24122
1,2.26,4.51,24,24142
2,1.3,7.12,24,24142
3,1.24,9.59,24,24142
4,1.02,11.63,24,24142
5,0.22,12.06,24,24142
6,0.43,12.93,24,24142
7,0.12,13.18,24,24142
8,0.1,13.38,24,24142
1,2.22,4.45,24,24152
2,1.9,8.24,24,24152
3,1.43,11.1,24,24152
4,1.04,13.18,24,24152
5,0.24,13.65,24,24152
6,0.58,14.8,24,24152
7,0.28,15.36,24,24152
8,0.16,15.68,24,24152
1,2.54,5.08,24,24162
2,1.21,7.5,24,24162
3,1.18,9.87,24,24162
4,1.08,12.02,24,24162
5,0.24,12.5,24,24162
6,0.52,13.53,24,24162
7,0.18,13.89,24,24162
8,0.14,14.18,24,24162
1,2.13,4.25,24,24312
2,1.39,7.04,24,24312
3,1.28,9.6,24,24312
4,1,11.6,24,24312
5,0.15,11.89,24,24312
6,0.44,12.77,24,24312
7,0.23,13.24,24,24312
8,0.07,13.38,24,24312
1,2.56,5.12,24,24332
2,1.4,7.93,24,24332
3,1.58,11.09,24,24332
4,1.6,14.28,24,24332
5,0.45,15.18,24,24332
6,0.73,16.63,24,24332
7,0.2,17.02,24,24332
8,0.15,17.32,24,24332
1,2.14,4.28,24,24342
2,1.14,6.55,24,24342
3,0.84,8.22,24,24342
4,0.81,9.84,24,24342
5,0.18,10.2,24,24342
6,0.27,10.74,24,24342
7,0.05,10.84,24,24342
8,0.02,10.87,24,24342
1,2.01,4.03,24,24352
2,1.11,6.25,24,24352
3,1.07,8.39,24,24352
4,0.64,9.68,24,24352
5,0.13,9.95,24,24352
6,0.19,10.32,24,24352
7,0.07,10.46,24,24352
8,0.03,10.51,24,24352
1,2.34,4.67,24,24522
2,1.43,7.53,24,24522
3,1.12,9.78,24,24522
4,0.91,11.59,24,24522
5,0.35,12.28,24,24522
6,0.42,13.12,24,24522
7,0.2,13.53,24,24522
8,0.04,13.62,24,24522
1,2.28,4.56,24,24532
2,1.52,7.59,24,24532
3,1.19,9.97,24,24532
4,0.68,11.34,24,24532
5,0.3,11.93,24,24532
6,0.5,12.93,24,24532
7,0.29,13.52,24,24532
8,0.14,13.8,24,24532
1,2.24,4.48,24,24552
2,1.3,7.09,24,24552
3,1.28,9.65,24,24552
4,0.85,11.34,24,24552
5,0.46,12.27,24,24552
6,0.76,13.8,24,24552
7,0.43,14.66,24,24552
8,0.18,15.03,24,24552
1,2.34,4.69,24,24562
2,1.16,7.01,24,24562
3,1.3,9.61,24,24562
4,0.95,11.51,24,24562
5,0.3,12.12,24,24562
6,0.37,12.86,24,24562
7,0.13,13.12,24,24562
8,0.05,13.22,24,24562
1,2.32,4.64,25,25122
2,1.4,7.43,25,25122
3,1.17,9.77,25,25122
4,0.88,11.54,25,25122
5,0.38,12.29,25,25122
6,0.58,13.44,25,25122
7,0.45,14.34,25,25122
8,0.22,14.77,25,25122
1,2.75,5.5,25,25142
2,0.85,7.2,25,25142
3,0.92,9.03,25,25142
4,0.53,10.09,25,25142
5,0.12,10.33,25,25142
6,0.2,10.72,25,25142
7,0.12,10.96,25,25142
8,0.03,11.02,25,25142
1,2.43,4.86,25,25152
2,1.33,7.52,25,25152
3,0.97,9.46,25,25152
4,0.7,10.87,25,25152
5,0.18,11.23,25,25152
6,0.5,12.22,25,25152
7,0.12,12.46,25,25152
8,0.04,12.55,25,25152
1,2.5,5,25,25162
2,0.79,6.58,25,25162
3,0.97,8.52,25,25162
4,0.72,9.96,25,25162
5,0.17,10.3,25,25162
6,0.29,10.87,25,25162
7,0.18,11.23,25,25162
8,0.03,11.3,25,25162
1,2.58,5.17,25,25312
2,1.19,7.55,25,25312
3,1.06,9.66,25,25312
4,0.44,10.54,25,25312
5,0.1,10.74,25,25312
6,0.14,11.03,25,25312
7,0.01,11.06,25,25312
8,0.02,11.09,25,25312
1,3.12,6.24,25,25322
2,1.37,8.98,25,25322
3,1.88,12.75,25,25322
4,1.27,15.3,25,25322
5,0.42,16.14,25,25322
6,0.5,17.15,25,25322
7,0.23,17.62,25,25322
8,0.1,17.82,25,25322
1,2.66,5.32,25,25342
2,1,7.31,25,25342
3,0.85,9.01,25,25342
4,0.32,9.65,25,25342
5,0.18,10.01,25,25342
6,0.22,10.45,25,25342
7,0.11,10.67,25,25342
8,0.03,10.72,25,25342
1,5.23,10.47,25,25352
2,0.82,12.11,25,25352
3,0.99,14.08,25,25352
4,1.64,17.36,25,25352
5,0.34,18.04,25,25352
6,0.81,19.65,25,25352
7,0.71,21.06,25,25352
8,0.4,21.85,25,25352
1,1.47,2.94,25,25512
2,2.59,8.13,25,25512
3,1.62,11.36,25,25512
4,1.37,14.1,25,25512
5,0.52,15.14,25,25512
6,0.9,16.94,25,25512
7,0.42,17.78,25,25512
8,0.16,18.09,25,25512
1,2.12,4.24,25,25522
2,0.56,5.36,25,25522
3,1,7.36,25,25522
4,0.32,8.01,25,25522
5,0.08,8.18,25,25522
6,0.03,8.24,25,25522
7,0.01,8.26,25,25522
8,0.01,8.28,25,25522
1,3.16,6.31,25,25532
2,0.7,7.72,25,25532
3,0.67,9.05,25,25532
4,0.82,10.68,25,25532
5,0.31,11.3,25,25532
6,0.46,12.23,25,25532
7,0.18,12.59,25,25532
8,0.11,12.8,25,25532
1,1.49,2.98,25,25542
2,2.39,7.75,25,25542
3,1.6,10.94,25,25542
4,0.99,12.92,25,25542
5,0.2,13.33,25,25542
6,0.54,14.4,25,25542
7,0.25,14.9,25,25542
8,0.16,15.22,25,25542
1,2.67,5.34,27,27122
2,1.51,8.37,27,27122
3,1.52,11.41,27,27122
4,1.21,13.82,27,27122
5,0.5,14.82,27,27122
6,0.76,16.34,27,27122
7,0.42,17.18,27,27122
8,0.37,17.92,27,27122
1,2.07,4.14,27,27142
2,0.99,6.13,27,27142
3,1.29,8.7,27,27142
4,1,10.7,27,27142
5,0.33,11.36,27,27142
6,0.45,12.26,27,27142
7,0.22,12.69,27,27142
8,0.11,12.91,27,27142
1,2.08,4.16,27,27152
2,1.6,7.36,27,27152
3,1.55,10.46,27,27152
4,0.98,12.42,27,27152
5,0.26,12.94,27,27152
6,0.52,13.98,27,27152
7,0.3,14.58,27,27152
8,0.15,14.88,27,27152
1,2.42,4.83,27,27162
2,1.17,7.18,27,27162
3,1.4,9.98,27,27162
4,0.84,11.66,27,27162
5,0.23,12.13,27,27162
6,0.67,13.47,27,27162
7,0.28,14.03,27,27162
8,0.14,14.3,27,27162
1,2.52,5.04,27,27322
2,0.8,6.63,27,27322
3,1.05,8.74,27,27322
4,0.52,9.78,27,27322
5,0.28,10.33,27,27322
6,0.32,10.97,27,27322
7,0.07,11.12,27,27322
8,0.06,11.23,27,27322
1,2.09,4.17,27,27332
2,2.12,8.4,27,27332
3,1.6,11.6,27,27332
4,1.3,14.21,27,27332
5,0.4,15.02,27,27332
6,0.67,16.36,27,27332
7,0.3,16.97,27,27332
8,0.13,17.23,27,27332
1,2.46,4.93,27,27342
2,2.05,9.02,27,27342
3,1.51,12.05,27,27342
4,1,14.04,27,27342
5,0.28,14.59,27,27342
6,0.8,16.19,27,27342
7,0.16,16.52,27,27342
8,0.09,16.7,27,27342
1,1.91,3.83,27,27362
2,2.33,8.49,27,27362
3,1.71,11.92,27,27362
4,1.25,14.41,27,27362
5,0.38,15.17,27,27362
6,0.55,16.26,27,27362
7,0.18,16.62,27,27362
8,0.07,16.77,27,27362
1,3.57,7.14,27,27512
2,0.81,8.75,27,27512
3,1.34,11.43,27,27512
4,0.77,12.97,27,27512
5,0.21,13.39,27,27512
6,0.37,14.13,27,27512
7,0.09,14.31,27,27512
8,0.08,14.46,27,27512
1,3.17,6.34,27,27522
2,1.63,9.6,27,27522
3,1.65,12.9,27,27522
4,1.06,15.02,27,27522
5,0.36,15.74,27,27522
6,0.37,16.48,27,27522
7,0.2,16.87,27,27522
8,0.09,17.05,27,27522
1,2.78,5.57,27,27532
2,1.29,8.15,27,27532
3,1.2,10.54,27,27532
4,0.92,12.38,27,27532
5,0.68,13.73,27,27532
6,0.4,14.54,27,27532
7,0.28,15.09,27,27532
8,0.12,15.34,27,27532
1,2.46,4.93,27,27542
2,1.11,7.14,27,27542
3,1.34,9.82,27,27542
4,0.83,11.48,27,27542
5,0.21,11.9,27,27542
6,0.53,12.96,27,27542
7,0.16,13.28,27,27542
8,0.08,13.45,27,27542
1,2.62,5.25,34,34112
2,1.04,7.34,34,34112
3,1.26,9.86,34,34112
4,1.03,11.92,34,34112
5,0.37,12.66,34,34112
6,0.81,14.28,34,34112
7,0.44,15.15,34,34112
8,0.23,15.62,34,34112
1,2.74,5.47,34,34122
2,1.09,7.66,34,34122
3,1.25,10.15,34,34122
4,0.96,12.06,34,34122
5,0.33,12.72,34,34122
6,0.45,13.62,34,34122
7,0.26,14.14,34,34122
8,0.11,14.36,34,34122
1,2.46,4.93,34,34142
2,1.11,7.15,34,34142
3,1.52,10.19,34,34142
4,1.06,12.3,34,34142
5,0.4,13.1,34,34142
6,0.7,14.5,34,34142
7,0.42,15.34,34,34142
8,0.2,15.73,34,34142
1,4,8,34,34162
2,0.76,9.53,34,34162
3,0.9,11.33,34,34162
4,1.47,14.27,34,34162
5,0.65,15.58,34,34162
6,0.98,17.55,34,34162
7,0.51,18.57,34,34162
8,0.3,19.17,34,34162
1,2.35,4.7,34,34322
2,1.16,7.02,34,34322
3,1.13,9.28,34,34322
4,1.04,11.36,34,34322
5,0.26,11.87,34,34322
6,0.58,13.04,34,34322
7,0.28,13.61,34,34322
8,0.18,13.97,34,34322
1,2.17,4.34,34,34342
2,0.91,6.16,34,34342
3,0.61,7.39,34,34342
4,0.09,7.56,34,34342
5,0.09,7.74,34,34342
6,0.07,7.87,34,34342
7,0.07,8.01,34,34342
8,0.02,8.06,34,34342
1,2.11,4.22,34,34512
2,1.42,7.06,34,34512
3,1.26,9.57,34,34512
4,0.7,10.97,34,34512
5,0.37,11.71,34,34512
6,0.41,12.53,34,34512
7,0.17,12.88,34,34512
8,0.09,13.05,34,34512
1,1.86,3.71,34,34542
2,1.87,7.45,34,34542
3,1.6,10.64,34,34542
4,1.21,13.06,34,34542
5,0.47,14,34,34542
6,0.66,15.31,34,34542
7,0.29,15.89,34,34542
8,0.19,16.27,34,34542
1,2.19,4.38,34,34552
2,1.34,7.07,34,34552
3,1.17,9.41,34,34552
4,0.86,11.13,34,34552
5,0.32,11.78,34,34552
6,0.29,12.36,34,34552
7,0.16,12.68,34,34552
8,0.1,12.88,34,34552
1,1.92,3.84,34,34562
2,1.56,6.96,34,34562
3,1.52,9.99,34,34562
4,1.09,12.18,34,34562
5,0.41,13,34,34562
6,0.69,14.38,34,34562
7,0.32,15.02,34,34562
8,0.24,15.5,34,34562
1,2.84,5.68,35,35122
2,0.31,6.31,35,35122
3,1.19,8.68,35,35122
4,1.03,10.74,35,35122
5,0.37,11.49,35,35122
6,0.59,12.66,35,35122
7,0.49,13.65,35,35122
8,0.34,14.34,35,35122
1,2.08,4.16,35,35142
2,1.97,8.11,35,35142
3,1.21,10.53,35,35142
4,0.92,12.38,35,35142
5,0.35,13.07,35,35142
6,0.52,14.12,35,35142
7,0.19,14.5,35,35142
8,0.13,14.76,35,35142
1,2.61,5.22,35,35152
2,1.34,7.9,35,35152
3,1.4,10.7,35,35152
4,1.01,12.72,35,35152
5,0.38,13.47,35,35152
6,0.62,14.72,35,35152
7,0.47,15.66,35,35152
8,0.22,16.1,35,35152
1,2.2,4.41,35,35312
2,0.89,6.19,35,35312
3,1.31,8.82,35,35312
4,0.89,10.6,35,35312
5,0.34,11.27,35,35312
6,0.36,12,35,35312
7,0.15,12.3,35,35312
8,0.1,12.5,35,35312
1,2.9,5.79,35,35322
2,1.27,8.34,35,35322
3,1.23,10.8,35,35322
4,0.84,12.49,35,35322
5,0.32,13.12,35,35322
6,0.57,14.26,35,35322
7,0.36,14.97,35,35322
8,0.16,15.3,35,35322
1,2.46,4.92,35,35342
2,0.92,6.76,35,35342
3,1.44,9.64,35,35342
4,1.21,12.07,35,35342
5,0.42,12.91,35,35342
6,0.57,14.05,35,35342
7,0.23,14.51,35,35342
8,0.13,14.76,35,35342
1,2.54,5.08,35,35352
2,0.96,7,35,35352
3,1.48,9.97,35,35352
4,1.35,12.67,35,35352
5,0.42,13.52,35,35352
6,0.83,15.18,35,35352
7,0.44,16.07,35,35352
8,0.24,16.55,35,35352
1,2.43,4.86,35,35512
2,1.21,7.28,35,35512
3,1.31,9.9,35,35512
4,1.19,12.28,35,35512
5,0.38,13.03,35,35512
6,0.93,14.88,35,35512
7,0.37,15.63,35,35512
8,0.18,15.99,35,35512
1,2.44,4.89,35,35522
2,1.3,7.48,35,35522
3,1.31,10.11,35,35522
4,1.18,12.47,35,35522
5,0.42,13.3,35,35522
6,1.08,15.47,35,35522
7,0.3,16.06,35,35522
8,0.24,16.53,35,35522
1,2.19,4.39,35,35542
2,1.2,6.78,35,35542
3,1.16,9.1,35,35542
4,0.98,11.06,35,35542
5,0.34,11.75,35,35542
6,0.35,12.46,35,35542
7,0.24,12.94,35,35542
8,0.11,13.16,35,35542
1,2.48,4.96,35,35552
2,0.84,6.65,35,35552
3,0.87,8.39,35,35552
4,0.56,9.52,35,35552
5,0.19,9.9,35,35552
6,0.22,10.34,35,35552
7,0.21,10.77,35,35552
8,0.15,11.07,35,35552
1,2.45,4.9,38,38132
2,0.86,6.62,38,38132
3,0.93,8.49,38,38132
4,0.44,9.36,38,38132
5,0.29,9.95,38,38132
6,0.21,10.37,38,38132
7,0.17,10.72,38,38132
8,0.1,10.92,38,38132
1,1.59,3.18,38,38142
2,1.64,6.47,38,38142
3,1.41,9.29,38,38142
4,0.68,10.66,38,38142
5,0.11,10.88,38,38142
6,0.1,11.08,38,38142
7,0.16,11.4,38,38142
8,0.21,11.83,38,38142
1,2.63,5.26,38,38152
2,1.07,7.4,38,38152
3,0.96,9.31,38,38152
4,0.62,10.55,38,38152
5,0.25,11.06,38,38152
6,0.2,11.46,38,38152
7,0.12,11.7,38,38152
8,0.06,11.82,38,38152
1,2.23,4.45,38,38162
2,1.31,7.07,38,38162
3,0.53,8.13,38,38162
4,0.53,9.2,38,38162
5,0.35,9.9,38,38162
6,0.09,10.07,38,38162
7,0.08,10.23,38,38162
8,0.17,10.56,38,38162
1,2.41,4.82,38,38322
2,0.96,6.74,38,38322
3,0.47,7.69,38,38322
4,0.47,8.63,38,38322
5,0.42,9.47,38,38322
6,0.07,9.62,38,38322
7,0.08,9.78,38,38322
8,0.1,9.98,38,38322
1,2.42,4.85,38,38332
2,1.32,7.49,38,38332
3,1.45,10.38,38,38332
4,1.13,12.65,38,38332
5,0.41,13.46,38,38332
6,0.54,14.54,38,38332
7,0.36,15.26,38,38332
8,0.16,15.58,38,38332
1,2.28,4.56,38,38342
2,1.12,6.8,38,38342
3,1.06,8.91,38,38342
4,1.04,11,38,38342
5,0.35,11.7,38,38342
6,0.56,12.81,38,38342
7,0.46,13.73,38,38342
8,0.25,14.23,38,38342
1,2.52,5.04,38,38362
2,1.2,7.44,38,38362
3,1.61,10.66,38,38362
4,1.01,12.67,38,38362
5,0.43,13.54,38,38362
6,0.69,14.91,38,38362
7,0.43,15.78,38,38362
8,0.27,16.32,38,38362
1,1.95,3.91,38,38512
2,2.1,8.1,38,38512
3,1.91,11.92,38,38512
4,1.14,14.21,38,38512
5,0.29,14.79,38,38512
6,0.59,15.97,38,38512
7,0.27,16.5,38,38512
8,0.25,17,38,38512
1,2.18,4.35,38,38522
2,1.87,8.1,38,38522
3,1.91,11.92,38,38522
4,1.22,14.36,38,38522
5,0.29,14.94,38,38522
6,0.59,16.12,38,38522
7,0.27,16.66,38,38522
8,0.25,17.16,38,38522
1,2.31,4.63,38,38532
2,1.65,7.92,38,38532
3,1.4,10.72,38,38532
4,0.99,12.7,38,38532
5,0.32,13.33,38,38532
6,0.48,14.3,38,38532
7,0.24,14.78,38,38532
8,0.14,15.05,38,38532
1,2.84,5.68,38,38562
2,1.49,8.67,38,38562
3,1.68,12.03,38,38562
4,1.24,14.52,38,38562
5,0.36,15.25,38,38562
6,0.62,16.49,38,38562
7,0.26,17.02,38,38562
8,0.12,17.26,38,38562
1,2.45,4.89,41,41112
2,1.46,7.81,41,41112
3,0.74,9.3,41,41112
4,0.72,10.75,41,41112
5,0.29,11.32,41,41112
6,0.42,12.17,41,41112
7,0.31,12.78,41,41112
8,0.19,13.16,41,41112
1,2.42,4.83,41,41122
2,0.73,6.29,41,41122
3,0.48,7.25,41,41122
4,0.57,8.39,41,41122
5,0.79,9.98,41,41122
6,0.28,10.53,41,41122
7,0.28,11.08,41,41122
8,0.26,11.6,41,41122
1,2.54,5.07,41,41132
2,1.42,7.92,41,41132
3,1.21,10.34,41,41132
4,1.1,12.53,41,41132
5,0.23,12.98,41,41132
6,0.43,13.85,41,41132
7,0.2,14.26,41,41132
8,0.14,14.54,41,41132
1,2.28,4.56,41,41332
2,1.48,7.51,41,41332
3,1.41,10.33,41,41332
4,0.84,12.01,41,41332
5,0.3,12.61,41,41332
6,0.36,13.33,41,41332
7,0.21,13.74,41,41332
8,0.12,13.99,41,41332
1,2.22,4.45,41,41342
2,1.12,6.68,41,41342
3,1.48,9.65,41,41342
4,0.88,11.42,41,41342
5,0.31,12.03,41,41342
6,0.29,12.62,41,41342
7,0.15,12.91,41,41342
8,0.09,13.08,41,41342
1,1.95,3.89,41,41352
2,1.49,6.87,41,41352
3,1.57,10,41,41352
4,1.11,12.22,41,41352
5,0.5,13.23,41,41352
6,0.54,14.32,41,41352
7,0.46,15.23,41,41352
8,0.31,15.85,41,41352
1,2.43,4.85,41,41362
2,1.28,7.42,41,41362
3,1.15,9.72,41,41362
4,0.85,11.43,41,41362
5,0.24,11.91,41,41362
6,0.51,12.93,41,41362
7,0.34,13.61,41,41362
8,0.26,14.14,41,41362
1,2.49,4.98,41,41512
2,0.72,6.41,41,41512
3,0.4,7.2,41,41512
4,0.18,7.56,41,41512
5,0.14,7.83,41,41512
6,0.18,8.19,41,41512
7,0.07,8.33,41,41512
8,0.07,8.48,41,41512
1,2.23,4.47,41,41532
2,1.36,7.18,41,41532
3,1.26,9.7,41,41532
4,0.93,11.57,41,41532
5,0.18,11.93,41,41532
6,0.43,12.79,41,41532
7,0.16,13.12,41,41532
8,0.13,13.37,41,41532
1,1.75,3.5,41,41542
2,1.03,5.56,41,41542
3,1.41,8.38,41,41542
4,1.6,11.57,41,41542
5,0.29,12.16,41,41542
6,0.84,13.83,41,41542
7,0.48,14.79,41,41542
8,0.28,15.35,41,41542
1,2.48,4.96,43,43122
2,0.6,6.16,43,43122
3,0.63,7.42,43,43122
4,0.94,9.3,43,43122
5,0.34,9.99,43,43122
6,0.57,11.13,43,43122
7,0.36,11.86,43,43122
8,0.17,12.19,43,43122
1,1.54,3.08,43,43132
2,1.58,6.24,43,43132
3,1.42,9.09,43,43132
4,1.11,11.31,43,43132
5,0.35,12,43,43132
6,0.61,13.22,43,43132
7,0.44,14.09,43,43132
8,0.17,14.44,43,43132
1,2.92,5.84,43,43142
2,1.01,7.87,43,43142
3,1.2,10.27,43,43142
4,0.7,11.67,43,43142
5,0.26,12.19,43,43142
6,0.3,12.8,43,43142
7,0.08,12.97,43,43142
8,0.03,13.03,43,43142
1,2.24,4.48,43,43162
2,1.52,7.51,43,43162
3,1.72,10.96,43,43162
4,1.62,14.19,43,43162
5,0.47,15.13,43,43162
6,1,17.13,43,43162
7,0.56,18.24,43,43162
8,0.32,18.87,43,43162
1,2.55,5.1,43,43322
2,0.94,6.99,43,43322
3,1.79,10.57,43,43322
4,1.75,14.07,43,43322
5,0.54,15.15,43,43322
6,1.14,17.43,43,43322
7,0.29,18,43,43322
8,0.18,18.36,43,43322
1,2.96,5.92,43,43342
2,1.19,8.3,43,43342
3,1.72,11.75,43,43342
4,1.32,14.4,43,43342
5,0.33,15.06,43,43342
6,0.94,16.93,43,43342
7,0.28,17.5,43,43342
8,0.3,18.11,43,43342
1,2.87,5.74,43,43352
2,0.64,7.02,43,43352
3,1.3,9.62,43,43352
4,0.76,11.13,43,43352
5,0.23,11.58,43,43352
6,0.21,12.01,43,43352
7,0.1,12.22,43,43352
8,0.08,12.38,43,43352
1,3.27,6.54,43,43362
2,1.11,8.76,43,43362
3,1.81,12.38,43,43362
4,1.15,14.69,43,43362
5,0.3,15.29,43,43362
6,0.78,16.86,43,43362
7,0.32,17.5,43,43362
8,0.27,18.03,43,43362
1,1.36,2.71,43,43522
2,1.63,5.98,43,43522
3,1.11,8.2,43,43522
4,0.91,10.01,43,43522
5,0.32,10.65,43,43522
6,0.57,11.8,43,43522
7,0.25,12.3,43,43522
8,0.18,12.65,43,43522
1,2.03,4.06,43,43532
2,1.34,6.75,43,43532
3,1.02,8.8,43,43532
4,0.78,10.37,43,43532
5,0.28,10.94,43,43532
6,0.64,12.21,43,43532
7,0.27,12.74,43,43532
8,0.18,13.11,43,43532
1,2.35,4.7,43,43542
2,1.22,7.14,43,43542
3,1,9.14,43,43542
4,0.66,10.46,43,43542
5,0.33,11.12,43,43542
6,0.33,11.78,43,43542
7,0.26,12.3,43,43542
8,0.18,12.66,43,43542
1,2.23,4.46,43,43552
2,1.44,7.34,43,43552
3,1.06,9.45,43,43552
4,0.99,11.42,43,43552
5,0.3,12.02,43,43552
6,0.34,12.7,43,43552
7,0.34,13.38,43,43552
8,0.22,13.82,43,43552
1,1.98,3.97,46,46122
2,1.54,7.06,46,46122
3,1.52,10.09,46,46122
4,1.17,12.42,46,46122
5,0.3,13.02,46,46122
6,0.55,14.12,46,46122
7,0.4,14.91,46,46122
8,0.2,15.32,46,46122
1,2.26,4.52,46,46132
2,1.04,6.6,46,46132
3,1.27,9.15,46,46132
4,0.76,10.66,46,46132
5,0.3,11.26,46,46132
6,0.32,11.89,46,46132
7,0.16,12.21,46,46132
8,0.08,12.36,46,46132
1,2.15,4.3,46,46142
2,1.33,6.95,46,46142
3,1.41,9.78,46,46142
4,1.04,11.86,46,46142
5,0.34,12.55,46,46142
6,0.59,13.72,46,46142
7,0.23,14.18,46,46142
8,0.13,14.44,46,46142
1,2.3,4.61,46,46162
2,1.14,6.9,46,46162
3,1.62,10.14,46,46162
4,1.29,12.71,46,46162
5,0.4,13.52,46,46162
6,0.69,14.9,46,46162
7,0.39,15.69,46,46162
8,0.26,16.21,46,46162
1,2.05,4.1,46,46312
2,1.5,7.1,46,46312
3,1.46,10.02,46,46312
4,1.19,12.41,46,46312
5,0.42,13.25,46,46312
6,1.04,15.32,46,46312
7,0.38,16.08,46,46312
8,0.23,16.54,46,46312
1,2.06,4.13,46,46342
2,1.74,7.62,46,46342
3,1.98,11.58,46,46342
4,1.28,14.14,46,46342
5,0.4,14.94,46,46342
6,0.73,16.4,46,46342
7,0.32,17.03,46,46342
8,0.17,17.37,46,46342
1,2.1,4.19,46,46352
2,1.5,7.19,46,46352
3,1.6,10.39,46,46352
4,1.18,12.74,46,46352
5,0.39,13.51,46,46352
6,0.62,14.75,46,46352
7,0.35,15.46,46,46352
8,0.17,15.79,46,46352
1,2.05,4.1,46,46362
2,1.83,7.76,46,46362
3,1.48,10.72,46,46362
4,1.02,12.76,46,46362
5,0.33,13.43,46,46362
6,0.39,14.22,46,46362
7,0.22,14.66,46,46362
8,0.14,14.94,46,46362
1,2.15,4.3,46,46512
2,1.24,6.79,46,46512
3,1.86,10.51,46,46512
4,0.29,11.09,46,46512
5,0.28,11.64,46,46512
6,0.55,12.74,46,46512
7,0.25,13.25,46,46512
8,0.22,13.68,46,46512
1,2.29,4.58,46,46532
2,1.39,7.36,46,46532
3,1.64,10.64,46,46532
4,1.34,13.33,46,46532
5,0.38,14.08,46,46532
6,0.65,15.38,46,46532
7,0.44,16.26,46,46532
8,0.27,16.8,46,46532
1,1.68,3.36,46,46542
2,1.21,5.78,46,46542
3,0.93,7.64,46,46542
4,0.67,8.98,46,46542
5,0.27,9.52,46,46542
6,0.26,10.05,46,46542
7,0.13,10.3,46,46542
8,0.07,10.43,46,46542
1,2.15,4.31,46,46562
2,1.23,6.77,46,46562
3,1.39,9.54,46,46562
4,1.13,11.8,46,46562
5,0.33,12.45,46,46562
6,0.57,13.59,46,46562
7,0.29,14.17,46,46562
8,0.16,14.48,46,46562
1,2.94,5.87,47,47112
2,1.2,8.28,47,47112
3,1.46,11.21,47,47112
4,1.06,13.34,47,47112
5,0.39,14.12,47,47112
6,0.58,15.27,47,47112
7,0.29,15.86,47,47112
8,0.19,16.25,47,47112
1,1.87,3.74,47,47122
2,1.52,6.78,47,47122
3,1.49,9.76,47,47122
4,0.94,11.65,47,47122
5,0.4,12.45,47,47122
6,0.61,13.66,47,47122
7,0.38,14.42,47,47122
8,0.18,14.77,47,47122
1,2.58,5.15,47,47142
2,1.49,8.13,47,47142
3,1.53,11.18,47,47142
4,0.93,13.04,47,47142
5,0.34,13.73,47,47142
6,0.55,14.83,47,47142
7,0.27,15.38,47,47142
8,0.18,15.74,47,47142
1,2.21,4.41,47,47162
2,1.19,6.78,47,47162
3,1.14,9.06,47,47162
4,0.83,10.71,47,47162
5,0.44,11.59,47,47162
6,0.63,12.86,47,47162
7,0.42,13.71,47,47162
8,0.28,14.27,47,47162
1,2.39,4.78,47,47322
2,1.38,7.53,47,47322
3,1.12,9.76,47,47322
4,0.35,10.46,47,47322
5,0.47,11.41,47,47322
6,0.06,11.52,47,47322
7,0.06,11.64,47,47322
8,0.05,11.74,47,47322
1,3.01,6.03,47,47532
2,0.84,7.72,47,47532
3,1.43,10.58,47,47532
4,0.99,12.55,47,47532
5,0.35,13.25,47,47532
6,0.92,15.09,47,47532
7,0.31,15.71,47,47532
8,0.29,16.3,47,47532
1,2.05,4.09,47,47362
2,2.64,9.36,47,47362
3,1.67,12.69,47,47362
4,1.03,14.76,47,47362
5,0.32,15.39,47,47362
6,0.82,17.03,47,47362
7,0.27,17.58,47,47362
8,0.19,17.96,47,47362
1,1.33,2.66,47,47512
2,1.07,4.8,47,47512
3,1.05,6.9,47,47512
4,0.82,8.54,47,47512
5,0.3,9.14,47,47512
6,0.39,9.93,47,47512
7,0.24,10.42,47,47512
8,0.16,10.75,47,47512
1,2.26,4.53,47,47522
2,1.08,6.7,47,47522
3,0.83,8.36,47,47522
4,0.29,8.94,47,47522
5,0.16,9.26,47,47522
6,0.18,9.62,47,47522
7,0.18,9.99,47,47522
8,0.15,10.29,47,47522
1,1.95,3.89,47,47552
2,1.61,7.11,47,47552
3,1.35,9.8,47,47552
4,1.09,11.98,47,47552
5,0.36,12.69,47,47552
6,0.43,13.54,47,47552
7,0.3,14.14,47,47552
8,0.13,14.39,47,47552
1,2.41,4.81,47,47562
2,1.53,7.87,47,47562
3,1.58,11.03,47,47562
4,1.25,13.53,47,47562
5,0.44,14.41,47,47562
6,0.82,16.05,47,47562
7,0.31,16.66,47,47562
8,0.22,17.09,47,47562
1,2.01,4.02,48,48112
2,2.02,8.06,48,48112
3,1.51,11.08,48,48112
4,1.3,13.67,48,48112
5,0.22,14.11,48,48112
6,0.3,14.72,48,48112
7,0.18,15.09,48,48112
8,0.1,15.28,48,48112
1,2.37,4.74,48,48132
2,1.66,8.07,48,48132
3,1.22,10.51,48,48132
4,0.86,12.22,48,48132
5,0.2,12.62,48,48132
6,0.46,13.55,48,48132
7,0.33,14.21,48,48132
8,0.23,14.67,48,48132
1,1.78,3.57,48,48152
2,1.86,7.28,48,48152
3,0.94,9.15,48,48152
4,0.41,9.97,48,48152
5,0.17,10.3,48,48152
6,0.15,10.61,48,48152
7,0.1,10.81,48,48152
8,0.03,10.87,48,48152
1,2.43,4.86,48,48162
2,1.65,8.17,48,48162
3,1.6,11.36,48,48162
4,1.12,13.6,48,48162
5,0.4,14.41,48,48162
6,0.71,15.82,48,48162
7,0.27,16.35,48,48162
8,0.22,16.8,48,48162
1,2.58,5.16,48,48322
2,1.56,8.28,48,48322
3,1.36,10.99,48,48322
4,0.81,12.62,48,48322
5,0.25,13.12,48,48322
6,0.42,13.95,48,48322
7,0.11,14.17,48,48322
8,0.12,14.41,48,48322
1,2.62,5.23,48,48332
2,1.65,8.53,48,48332
3,0.94,10.4,48,48332
4,0.44,11.28,48,48332
5,0.21,11.7,48,48332
6,0.5,12.69,48,48332
7,0.21,13.1,48,48332
8,0.19,13.49,48,48332
1,2.03,4.06,48,48352
2,1.58,7.23,48,48352
3,1.35,9.93,48,48352
4,0.9,11.72,48,48352
5,0.34,12.4,48,48352
6,0.51,13.42,48,48352
7,0.23,13.87,48,48352
8,0.22,14.31,48,48352
1,2.49,4.98,48,48512
2,0.97,6.91,48,48512
3,1.32,9.55,48,48512
4,0.95,11.46,48,48512
5,0.35,12.16,48,48512
6,0.5,13.17,48,48512
7,0.31,13.79,48,48512
8,0.15,14.09,48,48512
1,2.42,4.83,48,48522
2,0.73,6.3,48,48522
3,0.87,8.03,48,48522
4,0.57,9.17,48,48522
5,0.16,9.5,48,48522
6,0.09,9.68,48,48522
7,0.07,9.81,48,48522
8,0.02,9.84,48,48522
1,1.69,3.38,48,48532
2,1.2,5.78,48,48532
3,1.15,8.07,48,48532
4,0.74,9.54,48,48532
5,0.29,10.12,48,48532
6,0.35,10.82,48,48532
7,0.16,11.15,48,48532
8,0.09,11.33,48,48532
1,2.58,5.17,48,48562
2,1.09,7.34,48,48562
3,1.41,10.16,48,48562
4,1.09,12.34,48,48562
5,0.33,12.99,48,48562
6,1.05,15.1,48,48562
7,0.26,15.62,48,48562
8,0.24,16.09,48,48562
1,3.13,6.26,49,49132
2,0.75,7.77,49,49132
3,0.86,9.5,49,49132
4,1.31,12.12,49,49132
5,0.23,12.58,49,49132
6,0.14,12.86,49,49132
7,0.12,13.1,49,49132
8,0.07,13.24,49,49132
1,2.64,5.27,49,49152
2,1.23,7.73,49,49152
3,1.11,9.94,49,49152
4,1.18,12.3,49,49152
5,0.29,12.87,49,49152
6,0.44,13.76,49,49152
7,0.29,14.33,49,49152
8,0.13,14.59,49,49152
1,2.21,4.43,49,49162
2,1.69,7.82,49,49162
3,1.62,11.05,49,49162
4,1.45,13.96,49,49162
5,0.36,14.68,49,49162
6,0.49,15.67,49,49162
7,0.18,16.03,49,49162
8,0.15,16.34,49,49162
1,1.39,2.78,49,49312
2,2.61,8.01,49,49312
3,1.48,10.96,49,49312
4,1.17,13.31,49,49312
5,0.38,14.07,49,49312
6,0.6,15.28,49,49312
7,0.31,15.9,49,49312
8,0.18,16.26,49,49312
1,1.53,3.05,49,49332
2,2.53,8.12,49,49332
3,1.53,11.18,49,49332
4,0.96,13.1,49,49332
5,0.24,13.57,49,49332
6,0.59,14.75,49,49332
7,0.29,15.33,49,49332
8,0.26,15.84,49,49332
1,2.38,4.75,49,49342
2,0.74,6.22,49,49342
3,0.76,7.74,49,49342
4,0.84,9.43,49,49342
5,0.24,9.91,49,49342
6,0.2,10.32,49,49342
7,0.17,10.65,49,49342
8,0.07,10.8,49,49342
1,1.68,3.35,49,49352
2,1.84,7.04,49,49352
3,1.43,9.9,49,49352
4,0.98,11.86,49,49352
5,0.4,12.67,49,49352
6,0.53,13.72,49,49352
7,0.28,14.29,49,49352
8,0.09,14.47,49,49352
1,2.45,4.9,49,49512
2,0.49,5.88,49,49512
3,1.29,8.46,49,49512
4,1.06,10.58,49,49512
5,0.36,11.3,49,49512
6,0.42,12.14,49,49512
7,0.27,12.68,49,49512
8,0.12,12.93,49,49512
1,2.29,4.58,49,49532
2,1.48,7.55,49,49532
3,1.6,10.74,49,49532
4,1.34,13.42,49,49532
5,0.54,14.5,49,49532
6,0.89,16.27,49,49532
7,0.44,17.15,49,49532
8,0.36,17.87,49,49532
1,2.69,5.38,49,49552
2,0.34,6.06,49,49552
3,1.32,8.7,49,49552
4,0.92,10.54,49,49552
5,0.22,10.98,49,49552
6,0.34,11.67,49,49552
7,0.16,11.99,49,49552
8,0.1,12.18,49,49552
1,2.35,4.7,49,49562
2,1.34,7.38,49,49562
3,1.72,10.82,49,49562
4,1.18,13.17,49,49562
5,0.26,13.7,49,49562
6,0.6,14.9,49,49562
7,0.41,15.71,49,49562
8,0.18,16.06,49,49562
1,2.88,5.76,52,52112
2,0.76,7.27,52,52112
3,1.79,10.85,52,52112
4,1.56,13.97,52,52112
5,0.47,14.9,52,52112
6,1.08,17.06,52,52112
7,0.49,18.05,52,52112
8,0.34,18.72,52,52112
1,2.81,5.62,52,52142
2,0.52,6.65,52,52142
3,1.17,8.99,52,52142
4,0.84,10.68,52,52142
5,0.3,11.29,52,52142
6,0.54,12.36,52,52142
7,0.3,12.96,52,52142
8,0.11,13.19,52,52142
1,2.94,5.89,52,52152
2,0.58,7.06,52,52152
3,1.54,10.14,52,52152
4,1.23,12.59,52,52152
5,0.52,13.63,52,52152
6,0.92,15.46,52,52152
7,0.4,16.26,52,52152
8,0.24,16.74,52,52152
1,2.65,5.31,52,52162
2,0.83,6.96,52,52162
3,1.28,9.51,52,52162
4,0.73,10.97,52,52162
5,0.26,11.49,52,52162
6,0.29,12.08,52,52162
7,0.17,12.43,52,52162
8,0.07,12.57,52,52162
1,2.51,5.02,52,52322
2,1.3,7.62,52,52322
3,1.31,10.24,52,52322
4,0.94,12.13,52,52322
5,0.28,12.69,52,52322
6,0.43,13.55,52,52322
7,0.21,13.97,52,52322
8,0.15,14.26,52,52322
1,2.41,4.82,52,52332
2,0.99,6.8,52,52332
3,1.28,9.36,52,52332
4,0.86,11.09,52,52332
5,0.26,11.62,52,52332
6,0.32,12.26,52,52332
7,0.33,12.93,52,52332
8,0.13,13.19,52,52332
1,2.05,4.1,52,52342
2,1.27,6.64,52,52342
3,1.54,9.72,52,52342
4,1,11.73,52,52342
5,0.26,12.26,52,52342
6,0.58,13.42,52,52342
7,0.32,14.06,52,52342
8,0.2,14.46,52,52342
1,2.41,4.82,52,52362
2,0.91,6.63,52,52362
3,1.1,8.84,52,52362
4,0.64,10.12,52,52362
5,0.36,10.84,52,52362
6,0.4,11.65,52,52362
7,0.26,12.17,52,52362
8,0.12,12.41,52,52362
1,2.18,4.37,52,52522
2,1.77,7.9,52,52522
3,1.57,11.04,52,52522
4,1.11,13.25,52,52522
5,0.41,14.08,52,52522
6,0.69,15.46,52,52522
7,0.34,16.14,52,52522
8,0.18,16.51,52,52522
1,1.82,3.64,52,52532
2,1.21,6.06,52,52532
3,1.18,8.42,52,52532
4,0.91,10.23,52,52532
5,0.35,10.92,52,52532
6,0.39,11.69,52,52532
7,0.23,12.15,52,52532
8,0.11,12.36,52,52532
1,2.1,4.19,52,52542
2,1.23,6.66,52,52542
3,1.05,8.76,52,52542
4,0.62,10,52,52542
5,0.33,10.67,52,52542
6,0.16,10.98,52,52542
7,0.27,11.52,52,52542
8,0.09,11.71,52,52542
1,2.34,4.69,52,52552
2,1.27,7.23,52,52552
3,1.51,10.26,52,52552
4,1.12,12.5,52,52552
5,0.5,13.51,52,52552
6,0.68,14.87,52,52552
7,0.4,15.67,52,52552
8,0.23,16.13,52,52552
1,2.67,5.34,59,59112
2,1.53,8.39,59,59112
3,2,12.39,59,59112
4,1.53,15.44,59,59112
5,0.43,16.29,59,59112
6,1.05,18.4,59,59112
7,0.58,19.55,59,59112
8,0.23,20.02,59,59112
1,2.28,4.57,59,59132
2,0.99,6.56,59,59132
3,1.11,8.78,59,59132
4,0.76,10.29,59,59132
5,0.29,10.88,59,59132
6,0.36,11.59,59,59132
7,0.26,12.12,59,59132
8,0.13,12.38,59,59132
1,1.83,3.67,59,59142
2,1.32,6.3,59,59142
3,1.14,8.59,59,59142
4,0.52,9.63,59,59142
5,0.24,10.11,59,59142
6,0.22,10.54,59,59142
7,0.22,10.99,59,59142
8,0.09,11.18,59,59142
1,2.78,5.57,59,59162
2,0.9,7.36,59,59162
3,1.21,9.78,59,59162
4,1,11.78,59,59162
5,0.43,12.64,59,59162
6,0.76,14.16,59,59162
7,0.38,14.93,59,59162
8,0.25,15.42,59,59162
1,3.05,6.11,59,59312
2,1.14,8.38,59,59312
3,0.54,9.46,59,59312
4,0.57,10.6,59,59312
5,0.17,10.94,59,59312
6,0.24,11.43,59,59312
7,0.15,11.72,59,59312
8,0.07,11.86,59,59312
1,2.69,5.38,59,59362
2,1.19,7.76,59,59362
3,1.43,10.62,59,59362
4,1,12.62,59,59362
5,0.22,13.06,59,59362
6,0.44,13.94,59,59362
7,0.16,14.26,59,59362
8,0.08,14.43,59,59362
1,2.54,5.09,59,59512
2,1.52,8.12,59,59512
3,0.98,10.08,59,59512
4,0.71,11.5,59,59512
5,0.28,12.06,59,59512
6,0.5,13.05,59,59512
7,0.51,14.08,59,59512
8,0.2,14.48,59,59512
1,2.62,5.23,59,59532
2,1.3,7.82,59,59532
3,1.5,10.83,59,59532
4,1.34,13.5,59,59532
5,0.46,14.43,59,59532
6,0.65,15.73,59,59532
7,0.52,16.77,59,59532
8,0.23,17.23,59,59532
1,2.33,4.66,59,59552
2,0.71,6.08,59,59552
3,0.82,7.71,59,59552
4,0.46,8.63,59,59552
5,0.18,8.99,59,59552
6,0.11,9.2,59,59552
7,0.1,9.4,59,59552
8,0.08,9.55,59,59552
1,1.94,3.87,59,59562
2,1.1,6.07,59,59562
3,1.26,8.58,59,59562
4,0.8,10.19,59,59562
5,0.25,10.7,59,59562
6,0.4,11.5,59,59562
7,0.23,11.95,59,59562
8,0.16,12.28,59,59562
1,2.04,4.08,63,63112
2,1.29,6.66,63,63112
3,1.32,9.3,63,63112
4,0.76,10.82,63,63112
5,0.24,11.3,63,63112
6,0.72,12.74,63,63112
7,0.38,13.5,63,63112
8,0.2,13.89,63,63112
1,2.38,4.77,63,63132
2,0.84,6.45,63,63132
3,0.88,8.21,63,63132
4,0.52,9.24,63,63132
5,0.18,9.61,63,63132
6,0.21,10.03,63,63132
7,0.1,10.23,63,63132
8,0.02,10.27,63,63132
1,2.43,4.87,63,63142
2,1.64,8.15,63,63142
3,1.11,10.36,63,63142
4,0.87,12.11,63,63142
5,0.32,12.75,63,63142
6,0.6,13.96,63,63142
7,0.35,14.65,63,63142
8,0.16,14.98,63,63142
1,2.37,4.75,63,63312
2,0.95,6.64,63,63312
3,1.41,9.46,63,63312
4,1.17,11.81,63,63312
5,0.48,12.77,63,63312
6,0.56,13.89,63,63312
7,0.4,14.69,63,63312
8,0.21,15.12,63,63312
1,2.82,5.65,63,63332
2,1.07,7.79,63,63332
3,1.48,10.75,63,63332
4,0.97,12.69,63,63332
5,0.42,13.53,63,63332
6,0.36,14.24,63,63332
7,0.24,14.72,63,63332
8,0.18,15.08,63,63332
1,2.82,5.63,63,63342
2,0.72,7.08,63,63342
3,1.02,9.12,63,63342
4,0.79,10.71,63,63342
5,0.24,11.19,63,63342
6,0.28,11.75,63,63342
7,0.1,11.96,63,63342
8,0.05,12.06,63,63342
1,3.03,6.06,63,63352
2,0.48,7.03,63,63352
3,1.64,10.3,63,63352
4,1.3,12.91,63,63352
5,0.48,13.87,63,63352
6,0.6,15.07,63,63352
7,0.41,15.89,63,63352
8,0.25,16.4,63,63352
1,2.02,4.04,63,63512
2,1.58,7.21,63,63512
3,1.46,10.13,63,63512
4,1.52,13.16,63,63512
5,0.4,13.96,63,63512
6,0.77,15.49,63,63512
7,0.41,16.31,63,63512
8,0.33,16.97,63,63512
1,1.85,3.71,63,63522
2,1.48,6.67,63,63522
3,1.42,9.51,63,63522
4,1.21,11.92,63,63522
5,0.43,12.79,63,63522
6,0.66,14.11,63,63522
7,0.34,14.8,63,63522
8,0.22,15.25,63,63522
1,2.3,4.6,63,63542
2,1.89,8.38,63,63542
3,1.4,11.18,63,63542
4,1.1,13.38,63,63542
5,0.25,13.88,63,63542
6,0.49,14.87,63,63542
7,0.41,15.7,63,63542
8,0.26,16.21,63,63542
1,1.97,3.93,63,63562
2,1.77,7.47,63,63562
3,1.07,9.62,63,63562
4,0.58,10.79,63,63562
5,0.26,11.31,63,63562
6,0.39,12.09,63,63562
7,0.17,12.44,63,63562
8,0.18,12.8,63,63562
1,2.27,4.54,66,66112
2,0.84,6.23,66,66112
3,1.33,8.88,66,66112
4,0.92,10.72,66,66112
5,0.37,11.45,66,66112
6,0.59,12.64,66,66112
7,0.32,13.28,66,66112
8,0.15,13.58,66,66112
1,2.45,4.89,66,66132
2,0.43,5.75,66,66132
3,0.68,7.1,66,66132
4,0.32,7.75,66,66132
5,0.12,8,66,66132
6,0.1,8.19,66,66132
7,0.05,8.3,66,66132
8,0.02,8.35,66,66132
1,2.47,4.95,66,66152
2,1.19,7.33,66,66152
3,0.95,9.23,66,66152
4,0.87,10.97,66,66152
5,0.48,11.92,66,66152
6,0.81,13.54,66,66152
7,0.27,14.08,66,66152
8,0.22,14.51,66,66152
1,3.02,6.05,66,66162
2,1.19,8.44,66,66162
3,1.33,11.1,66,66162
4,0.69,12.48,66,66162
5,0.33,13.15,66,66162
6,0.6,14.36,66,66162
7,0.44,15.25,66,66162
8,0.22,15.69,66,66162
1,2.22,4.43,66,66312
2,1.5,7.44,66,66312
3,1.16,9.75,66,66312
4,0.83,11.41,66,66312
5,0.25,11.92,66,66312
6,0.18,12.27,66,66312
7,0.15,12.57,66,66312
8,0.07,12.7,66,66312
1,2.32,4.65,66,66332
2,1.33,7.31,66,66332
3,1.67,10.65,66,66332
4,1.13,12.91,66,66332
5,0.39,13.7,66,66332
6,0.61,14.92,66,66332
7,0.29,15.51,66,66332
8,0.16,15.83,66,66332
1,2.42,4.83,66,66342
2,0.85,6.53,66,66342
3,1.24,9.01,66,66342
4,0.55,10.1,66,66342
5,0.24,10.59,66,66342
6,0.25,11.08,66,66342
7,0.14,11.37,66,66342
8,0.08,11.52,66,66342
1,2.11,4.22,66,66352
2,1.3,6.83,66,66352
3,1.38,9.59,66,66352
4,0.73,11.05,66,66352
5,0.27,11.58,66,66352
6,0.36,12.3,66,66352
7,0.28,12.87,66,66352
8,0.15,13.17,66,66352
1,2.43,4.87,66,66512
2,1.06,6.98,66,66512
3,0.9,8.78,66,66512
4,0.42,9.62,66,66512
5,0.22,10.06,66,66512
6,0.24,10.54,66,66512
7,0.16,10.85,66,66512
8,0.12,11.09,66,66512
1,2.58,5.15,66,66522
2,1.14,7.44,66,66522
3,1.05,9.54,66,66522
4,0.88,11.3,66,66522
5,0.18,11.66,66,66522
6,0.32,12.3,66,66522
7,0.18,12.67,66,66522
8,0.07,12.82,66,66522
1,2.42,4.83,66,66552
2,1.34,7.5,66,66552
3,1.59,10.69,66,66552
4,1.18,13.04,66,66552
5,0.36,13.76,66,66552
6,0.42,14.6,66,66552
7,0.08,14.75,66,66552
8,0.08,14.91,66,66552
1,2.61,5.21,66,66562
2,0.73,6.67,66,66562
3,1.33,9.32,66,66562
4,0.79,10.9,66,66562
5,0.23,11.37,66,66562
6,0.38,12.12,66,66562
7,0.35,12.83,66,66562
8,0.2,13.23,66,66562
1,2.69,5.37,73,73112
2,0.87,7.12,73,73112
3,1.42,9.97,73,73112
4,1.18,12.34,73,73112
5,0.25,12.83,73,73112
6,0.73,14.29,73,73112
7,0.27,14.83,73,73112
8,0.17,15.16,73,73112
1,2.53,5.05,73,73132
2,1.59,8.23,73,73132
3,1.44,11.11,73,73132
4,1.09,13.29,73,73132
5,0.48,14.24,73,73132
6,0.74,15.72,73,73132
7,0.45,16.62,73,73132
8,0.25,17.13,73,73132
1,2.35,4.7,73,73142
2,0.6,5.89,73,73142
3,1.1,8.09,73,73142
4,0.79,9.66,73,73142
5,0.27,10.21,73,73142
6,0.43,11.08,73,73142
7,0.21,11.5,73,73142
8,0.1,11.69,73,73142
1,3.15,6.3,73,73162
2,0.25,6.8,73,73162
3,1.18,9.16,73,73162
4,0.95,11.07,73,73162
5,0.35,11.77,73,73162
6,0.74,13.25,73,73162
7,0.41,14.08,73,73162
8,0.18,14.44,73,73162
1,2.16,4.32,73,73312
2,1.24,6.8,73,73312
3,1.52,9.83,73,73312
4,1.24,12.31,73,73312
5,0.26,12.83,73,73312
6,0.6,14.03,73,73312
7,0.28,14.6,73,73312
8,0.22,15.04,73,73312
1,2.08,4.15,73,73342
2,1.09,6.33,73,73342
3,0.96,8.25,73,73342
4,0.46,9.17,73,73342
5,0.19,9.56,73,73342
6,0.28,10.12,73,73342
7,0.11,10.35,73,73342
8,0.06,10.47,73,73342
1,1.56,3.12,73,73352
2,1.93,6.99,73,73352
3,1.3,9.58,73,73352
4,1.04,11.67,73,73352
5,0.25,12.17,73,73352
6,0.52,13.2,73,73352
7,0.35,13.9,73,73352
8,0.12,14.14,73,73352
1,2.03,4.06,73,73361
2,1.36,6.77,73,73361
3,1.48,9.74,73,73361
4,1.2,12.15,73,73361
5,0.38,12.91,73,73361
6,0.71,14.33,73,73361
7,0.4,15.14,73,73361
8,0.25,15.64,73,73361
1,2.74,5.49,73,73532
2,1.47,8.43,73,73532
3,1.3,11.03,73,73532
4,0.84,12.71,73,73532
5,0.19,13.1,73,73532
6,0.31,13.72,73,73532
7,0.18,14.08,73,73532
8,0.08,14.23,73,73532
1,2.24,4.48,73,73542
2,0.89,6.27,73,73542
3,0.82,7.9,73,73542
4,0.46,8.83,73,73542
5,0.16,9.16,73,73542
6,0.14,9.43,73,73542
7,0.09,9.61,73,73542
8,0.07,9.76,73,73542
1,2.14,4.29,73,73552
2,1.38,7.06,73,73552
3,1.44,9.94,73,73552
4,1.33,12.59,73,73552
5,0.31,13.21,73,73552
6,0.64,14.48,73,73552
7,0.42,15.32,73,73552
8,0.2,15.72,73,73552
1,2.19,4.39,73,73562
2,1.71,7.81,73,73562
3,1.66,11.13,73,73562
4,1.29,13.72,73,73562
5,0.42,14.56,73,73562
6,0.72,16,73,73562
7,0.39,16.79,73,73562
8,0.29,17.38,73,73562
1,2.05,4.1,76,76112
2,1.32,6.74,76,76112
3,1.22,9.18,76,76112
4,0.68,10.54,76,76112
5,0.19,10.92,76,76112
6,0.25,11.42,76,76112
7,0.13,11.68,76,76112
8,0.07,11.82,76,76112
1,1.89,3.78,76,76122
2,0.84,5.46,76,76122
3,0.83,7.12,76,76122
4,0.48,8.09,76,76122
5,0.15,8.38,76,76122
6,0.02,8.42,76,76122
7,0.02,8.46,76,76122
8,0.02,8.49,76,76122
1,1.94,3.88,76,76132
2,1.78,7.45,76,76132
3,1.96,11.37,76,76132
4,1.36,14.09,76,76132
5,0.43,14.95,76,76132
6,0.57,16.1,76,76132
7,0.46,17.02,76,76132
8,0.15,17.31,76,76132
1,2.39,4.77,76,76312
2,1.57,7.92,76,76312
3,1.17,10.25,76,76312
4,1.03,12.31,76,76312
5,0.19,12.69,76,76312
6,0.59,13.87,76,76312
7,0.21,14.29,76,76312
8,0.26,14.81,76,76312
1,2.38,4.76,76,76322
2,1.44,7.65,76,76322
3,1.39,10.43,76,76322
4,1.22,12.87,76,76322
5,0.45,13.78,76,76322
6,0.59,14.96,76,76322
7,0.48,15.92,76,76322
8,0.17,16.27,76,76322
1,1.86,3.73,76,76352
2,0.89,5.52,76,76352
3,1.02,7.56,76,76352
4,0.52,8.6,76,76352
5,0.15,8.9,76,76352
6,0.18,9.27,76,76352
7,0.14,9.55,76,76352
8,0.04,9.63,76,76352
1,2.2,4.41,76,76362
2,1.32,7.05,76,76362
3,1.37,9.8,76,76362
4,1.11,12.02,76,76362
5,0.38,12.78,76,76362
6,0.54,13.85,76,76362
7,0.42,14.68,76,76362
8,0.18,15.05,76,76362
1,2.08,4.15,76,76522
2,1.39,6.93,76,76522
3,1.5,9.93,76,76522
4,1.12,12.16,76,76522
5,0.42,13,76,76522
6,0.73,14.46,76,76522
7,0.43,15.32,76,76522
8,0.41,16.13,76,76522
1,2.38,4.77,76,76532
2,0.41,5.58,76,76532
3,1.11,7.8,76,76532
4,0.66,9.13,76,76532
5,0.22,9.57,76,76532
6,0.19,9.95,76,76532
7,0.12,10.2,76,76532
8,0.08,10.35,76,76532
1,2.53,5.05,76,76542
2,0.47,5.99,76,76542
3,1.02,8.03,76,76542
4,0.63,9.3,76,76542
5,0.2,9.69,76,76542
6,0.26,10.22,76,76542
7,0.13,10.49,76,76542
8,0.05,10.59,76,76542
1,3.13,6.26,76,76552
2,0.59,7.44,76,76552
3,0.57,8.58,76,76552
4,0.86,10.3,76,76552
5,0.35,11,76,76552
6,0.52,12.04,76,76552
7,0.36,12.76,76,76552
8,0.21,13.17,76,76552
1,1.66,3.33,81,81112
2,1.73,6.79,81,81112
3,1.09,8.98,81,81112
4,0.6,10.17,81,81112
5,0.3,10.77,81,81112
6,0.28,11.32,81,81112
7,0.05,11.41,81,81112
8,0.04,11.49,81,81112
1,1.7,3.39,81,81132
2,1.51,6.4,81,81132
3,1.24,8.88,81,81132
4,0.94,10.76,81,81132
5,0.37,11.5,81,81132
6,0.56,12.62,81,81132
7,0.35,13.33,81,81132
8,0.26,13.85,81,81132
1,2.34,4.69,81,81142
2,1.36,7.41,81,81142
3,1.18,9.78,81,81142
4,0.89,11.56,81,81142
5,0.31,12.18,81,81142
6,0.43,13.04,81,81142
7,0.15,13.34,81,81142
8,0.11,13.56,81,81142
1,2.65,5.31,81,81152
2,0.71,6.72,81,81152
3,0.73,8.18,81,81152
4,0.42,9.03,81,81152
5,0.16,9.35,81,81152
6,0.21,9.76,81,81152
7,0.13,10.02,81,81152
8,0.04,10.1,81,81152
1,1.75,3.5,81,81312
2,1.37,6.23,81,81312
3,0.53,7.29,81,81312
4,0.21,7.71,81,81312
5,0.05,7.81,81,81312
6,0.07,7.94,81,81312
7,0.05,8.04,81,81312
8,0.03,8.11,81,81312
1,2.85,5.7,81,81322
2,1.32,8.35,81,81322
3,1.38,11.12,81,81322
4,0.78,12.68,81,81322
5,0.29,13.26,81,81322
6,0.61,14.48,81,81322
7,0.27,15.02,81,81322
8,0.2,15.42,81,81322
1,2.33,4.66,81,81352
2,0.77,6.19,81,81352
3,0.47,7.13,81,81352
4,0.22,7.57,81,81352
5,0.14,7.86,81,81352
6,0.11,8.07,81,81352
7,0.08,8.24,81,81352
8,0.04,8.32,81,81352
1,1.98,3.97,81,81362
2,1.29,6.55,81,81362
3,1.3,9.16,81,81362
4,1.14,11.45,81,81362
5,0.2,11.85,81,81362
6,0.26,12.36,81,81362
7,0.19,12.74,81,81362
8,0.09,12.91,81,81362
1,2.14,4.27,81,81522
2,1.21,6.7,81,81522
3,0.86,8.42,81,81522
4,0.48,9.38,81,81522
5,0.24,9.87,81,81522
6,0.2,10.27,81,81522
7,0.17,10.62,81,81522
8,0.04,10.71,81,81522
1,2.68,5.36,81,81532
2,0.78,6.92,81,81532
3,0.8,8.53,81,81532
4,0.44,9.41,81,81532
5,0.12,9.65,81,81532
6,0.12,9.88,81,81532
7,0.07,10.03,81,81532
8,0.03,10.1,81,81532
1,2.22,4.44,81,81542
2,1.71,7.86,81,81542
3,1.4,10.66,81,81542
4,1.14,12.94,81,81542
5,0.32,13.58,81,81542
6,0.83,15.24,81,81542
7,0.3,15.83,81,81542
8,0.22,16.26,81,81542
1,2.34,4.67,81,81552
2,0.97,6.61,81,81552
3,1,8.61,81,81552
4,0.66,9.93,81,81552
5,0.13,10.19,81,81552
6,0.32,10.83,81,81552
7,0.15,11.13,81,81552
8,0.09,11.31,81,81552
